type_pre,bodyId_pre,weight,neurotransmitter
FS1A,"[983426636, 1045268099, 1044918145, 1138026774, 951808062, 1014474192, 1230095228, 5813022923, 983093876, 1106888382, 1195891557, 1345061120, 5813016900, 885257938, 915273417, 5813022923, 1045141938, 1045141938, 1075611602, 983430664, 1291374677, 890425079, 1014465452, 1039063931, 1044918145, 1195891557, 5813130366, 890425079, 915964748, 940791248, 1039063931, 1165305889, 1014223948, 1014465588, 1014465588, 1014474192, 1071769518, 1138026774, 915273417, 915964748, 1071496918, 5813065365, 885257938, 940791248, 976994022, 977697611, 983426636, 1014461486, 1039085109, 1039426238, 1106888382, 1136252170, 1291374677, 983430664, 1014102651, 1014223948, 1039426238, 1044800536, 1136252170, 1165305889, 977697611, 5813016900, 5813065365, 1039085109, 1075611602, 5813130366, 983067799, 1014461486, 1014465452, 1014465666, 1071496918, 951808062, 976994022, 1323454861, 1102804327, 1014465666, 1045268099, 1345061120, 946308462, 946308462, 983093876, 1102804327, 1323454861, 1044800536, 1014102651, 1071769518, 1230095228, 983067799]",1589,ACH
SMP052,"[635908014, 576574889, 583132200, 546641039, 546641039, 635908014, 583132200, 576574889]",614,ACH
IB017,"[5813022375, 5813053712, 5813053712, 5813022375]",562,ACH
SMP176,"[611015907, 643156727, 611015907, 643156727]",544,ACH
SMP383,"[636944318, 577330676, 636944318, 577330676]",543,ACH
SMP550,"[452689494, 579700707, 579700707, 452689494]",445,ACH
FC2B,"[915623395, 912583959, 1291142212, 977352235, 1134849078, 1570111396, 977339225, 1008391068, 1009371535, 5813081864, 1070422316, 1164545788, 1041071176, 1257629175, 5813058388, 5813016287, 1133925083, 915951605, 5813033535, 5813057464, 884921015, 1195999722, 881220948, 1196573432, 1196573821, 977335129, 1009375497, 1033192275, 1039775880, 1260011966, 1041139886, 386280932, 1039392337]",435,ACH
SMP544,"[5813087891, 5813080768, 5813087891, 5813080768]",358,GABA
LAL134,"[1598011458, 5813078571, 5813078571]",358,ACH
SMP237,"[548722538, 542376096, 548722538, 542376096]",337,ACH
SMP386,"[790405385, 5813109327, 5813109327, 790405385]",296,ACH
SMP551,"[328274638, 328274638, 392757094, 392757094]",293,ACH
FC2C,"[1071760480, 915605802, 1103577592, 1166674437, 885262118, 1104155212, 1166890100, 5813129271, 915946994, 947685653, 1035393986, 885253534, 885262090, 916296656, 1076185604, 1134849005, 793128475, 916296860, 1135294306, 978681977, 1008693462, 1072533704, 1072779298, 1198049989, 1010437434, 1164187272, 817678848, 947681574, 978345784, 1008693605, 5813103626, 1076285102, 5813041610, 5813058518, 633541960, 858047578, 947685653, 1166674437, 5812986472]",287,ACH
SMP051,"[5813132515, 674532291, 674532291, 5813132515]",273,ACH
SMP520,"[515588291, 515588291, 730398148, 730398148, 574515806, 575301459, 574515806, 607955261, 575301459, 607955261]",258,
SMP566,"[422056521, 514816333, 422056477, 5813020800, 422056521, 514816333, 422056477, 5813020800]",242,ACH
SMP042,"[422622063, 516625009, 422622063]",239,GLUT
CRE075,[448342846],225,GLUT
pC1d,"[5813063587, 5813013342, 5813013342, 5813063587]",223,ACH
CRE077,"[611629428, 672192070]",210,ACH
LAL022,"[735488299, 730006122, 669649730, 730497472, 700486220, 703196977, 735488299, 669649730]",201,ACH
pC1e,"[514850616, 514850616]",186,ACH
SMP516,"[481747302, 481747302, 453130054, 453130054]",183,
SMP175,"[5813055949, 485249150, 5813055949, 485249150]",181,ACH
FS1B,"[983767602, 1014457195, 1133562752, 1044805646, 1039754434, 1039754434, 1044805646, 1135898324, 850181951, 1135898324, 794946803, 826659627, 983767602, 1014457195, 1133562752, 1343891368, 1008369339, 1075598224, 1164196230, 667936188, 700683875, 732059827, 794945765, 982070626, 1008369339, 1075598224, 1166592256, 700683875, 794945765, 826659627, 850181951, 977002560, 977002560, 982070626, 1070103072, 1343891368, 5813041684, 5813041684, 732059827, 794945885, 794946803, 1070102684, 1070103072]",179,ACH
SMP185,"[5813055749, 606703149, 606703149, 5813055749]",175,ACH
SMP007,"[642509080, 483797945, 423096449, 423096449, 642509080, 483797945, 576898212, 576898212]",172,
SMP179,"[298603730, 424193116, 424193116, 298603730]",172,ACH
SMP311,"[5813049378, 5813041161, 5813041161, 5813049378]",163,ACH
SMP339,"[5812980884, 669075559, 669075559, 5812980884]",155,ACH
SMP109,"[5813009620, 360773196, 5813009620, 360773196]",154,ACH
SMP512,"[699687305, 699687305, 358639742, 5813040712, 358639742, 5813040712]",144,
CRE023,"[610312734, 612755343, 612755343, 610312734]",143,GLUT
SMP549,"[329566197, 455229034, 329566197, 455229034]",142,ACH
SMP112,"[641709938, 674108802, 706508078]",140,
SMP153,"[576566223, 392389970]",137,ACH
SMP422,"[668742424, 640691030, 668742424, 640691030]",134,ACH
SMP162,"[733182574, 327587644, 327587644, 733182574, 360690414, 360690414, 327588446, 327588446, 451148838, 484890037]",131,GLUT
SMP314,"[543049093, 576082257, 576082257, 543049093]",131,
FS3,"[1167235473, 702389193, 1072533980, 671345931, 947003647, 947681334, 1042116109, 1072779568, 1261129711, 5813040000, 765145895, 915619240, 947003647, 1010044978, 1042116109, 1072533980, 1072874511, 1133839128, 1133839128, 5812986798, 5812986798, 671345931, 702389193, 915951309, 916637896, 947681334, 980089353, 1010044978, 1040056887, 1041075688, 1041075688, 1072779568, 1072874511, 1323221783, 5813014777, 5813014777, 5813040000, 5813041504, 732741880, 765145895, 915951309, 916646779, 916646779, 947681560, 947681560, 978686129, 979066072, 979368408, 1102795781, 1102795781, 1104595988, 1135881013, 1135984965, 1135984965, 1167235720, 1261129711]",129,
SMP317,"[5812981517, 609384093, 671449467, 512787296, 611340150, 608602824]",127,
SMP464,"[516163285, 545501062, 418987009, 5813012786, 516163285, 5813012786, 362719326, 545501062, 418987009, 388293131]",127,
SMP006,"[675127915, 675809900, 675127915, 675809900]",125,
SMP123,"[488572496, 546287086, 547240545, 547310321]",122,GLUT
PAL02,"[486544396, 455500416, 486544396, 455500416]",121,DA
SMP389,"[575197482, 451662040, 5813056932, 330316013, 575197482]",121,ACH
LAL114,"[952374245, 952374245]",121,ACH
SMP189,"[544158940, 544158940]",120,ACH
SMP048,"[488922181, 581746661, 581746661, 488922181]",120,ACH
SMP357,"[643402037, 296203325, 296203434, 643402037, 296203325, 296203434]",119,
PPL102,"[5813058050, 5812981381, 5812981381, 5813058050]",119,DA
VES047,[1787636059],118,GLUT
SMP556,"[579536041, 798939240, 798939240, 579536041]",117,ACH
OA-VUMa7 ,"[576825965, 576825965]",115,OCT
AVLP075,"[674108632, 674108632, 702152113, 702152113]",115,GLUT
CL236,"[736433303, 736433303, 5813111272, 5813111272]",111,ACH
LAL129,"[1144761556, 1112443807, 1112443807, 1144761556]",110,ACH
SMP564,"[549269622, 328244591, 549269622, 328244591]",108,
CRE002,"[761040902, 1325138116, 1325138116, 761040902]",102,
SMP271,"[544265926, 635895000, 5812982324, 5813013185, 635895000, 5812982324, 544265926]",102,GABA
LAL155,"[925241334, 1048250312, 863698974, 1111757266, 1048250312, 863698974, 925241334, 1111757266]",102,ACH
SMP548,"[297580589, 393499533, 393499533, 297580589]",100,ACH
SMP151,"[668285416, 5812980743, 5812980743, 610321522, 578254032, 668285416, 578254032, 610321522]",98,GABA
SMP122,"[611037750, 5813056057, 5813056057]",98,GLUT
SMP385,"[5813083780, 766186252, 5813083780, 766186252]",94,ACH on left DA on right
SIP033,"[739213376, 760397222]",91,GLUT
SMP362,"[326884331, 638394209, 296531366, 296531366, 638394209, 326884331]",90,
SMP403,"[606340818, 639008013, 636344136, 480387478, 793879702, 449685778, 449685778, 636344136, 606340818, 639008013]",90,
SMP559,"[328939480, 328939480, 298262599, 298262599, 298603633, 298603633]",88,
SMP284,"[727929407, 603068370]",87,GLUT
SMP003,"[516780722, 547158593, 516780722, 547158593]",87,ACH
SMP149,"[5813011483, 607597135, 5813011483, 607597135]",86,
CL167,"[1134140939, 821728921, 821729349, 1134140939, 821728921]",84,
AVLP316,"[675822559, 800233950]",83,ACH
CRE043_c,"[5813027737, 5813133463, 797981213, 5813089803]",83,GABA
SMP013,[5813070569],82,ACH
SMP420,[391610069],81,ACH
SMP014,"[612034653, 612034653]",81,ACH
SMP463,"[604195247, 634879889, 573142557, 604195247, 795546494, 573142557, 634879889, 795546494]",80,
IB111,[853173648],79,ACH
CRE035,"[612742224, 5813098223, 5813098223, 612742224]",75,
SMP005,"[582696254, 614081109, 614081109, 582696254]",75,ACH
SMP588,"[638040562, 5813071068, 642046803, 1173029301, 638040562, 5813071068, 1173029301, 642046803]",74,GLUT on left DA on right
IB047,[882922539],73,ACH
SMP312,"[732431788, 730398229, 5812983240, 765590602]",72,
SMP245,"[418503161, 514043443, 418503161, 514043443, 509924185, 5812980470, 509924185, 671035328, 5812980470, 671035328]",72,ACH
SMP322,"[704453006, 5813124162, 704453006, 5813124162]",72,
SMP157,"[421041565, 485589846, 485589846]",70,ACH
SMP562,"[5813019560, 5813019560]",69,ACH
SMP563,"[297217528, 297217528, 5901196319, 5901196319]",69,
SMP181,"[328943204, 330640044, 328943204, 330640044]",69,DA
SMP555,"[613394707, 613394707]",69,ACH
SMP333,"[297921608, 519694628, 519694628, 297921608]",68,ACH
LAL160,"[1049247113, 1600489166, 1600489166]",67,ACH
SLP212,"[359931311, 519004170, 519004170, 5812980529, 5813055769, 5813055769, 359931311, 5812980529, 5901203505, 5901203505]",67,ACH
SMP111,"[764817903, 765504308, 765504308]",67,
SMP319,"[5812981228, 542691005, 542691005, 5812981228]",66,
SMP143,"[609656444, 703866010, 609656444, 703866010]",65,DA
SMP567,"[5813022160, 5813022160]",64,ACH
SMP568_c,"[736109737, 862697175, 862697175, 736109737]",64,ACH
SMP141,"[612746557, 675187531, 675187531]",63,
PPL107,"[859265651, 424918786, 859265651, 424918786]",63,DA
SMP408_d,"[298241038, 298266903, 298944479, 297917364, 298241038, 297934349, 298266903, 298944479, 297934349]",62,ACH
MBON31,"[894020730, 706948318, 706948318]",62,GABA
SMP495,"[513344531, 513668146, 513344531, 605554875]",61,GLUT
SMP471,"[550988122, 580732172]",60,ACH
OA-VPM3,"[329566174, 329566174, 5813061260, 5813061260]",60,OCT
CRE022,"[5813083779, 5813062838, 5813083779, 5813062838]",60,GLUT
CL157,"[702760942, 733192083, 702760942, 733192083]",60,ACH
SMP240,"[5812981237, 5812981237]",59,ACH
CRE017,"[825489724, 795826923]",59,
OA-VUMa6,"[736860990, 736860990]",59,OCT
LAL175,"[1014802430, 983767417, 5813088921, 5813035477]",58,ACH
FB5G,"[578936675, 5813014693, 329983926, 946300206, 514807275, 1070102614, 297908595, 5813014693]",58,GLUT
SMP160,"[698742094, 698742094, 5813056944, 5813056944]",57,GLUT
SMP315,"[607273128, 609655670, 5901196628, 609655670, 607273128, 5901196628]",56,
SMP589,"[5813026705, 516283789, 5813026705, 516283789]",55,GLUT
LHPV10a1,"[451049385, 387952104, 451049385]",53,ACH
SMP573,"[635890732, 635890732]",52,ACH
LHPD5d1,"[387568523, 5813055800, 387568523, 5813055800]",52,ACH
CL251,"[5813079417, 5813079417, 645086558, 645086558]",51,ACH
LAL069,"[1449606569, 1418924735, 1481340761, 1388223120, 1387881882]",50,
pC1a,"[359744514, 5813046951, 5813046951, 359744514]",49,ACH
SMP278,"[673090000, 673090000, 5813087991]",49,
SMP393,"[670357457, 761843188, 761843188, 670357457]",48,ACH
SMP316_b,"[701742479, 639659397, 701742479]",48,
SMP331,"[698314499, 5813056071, 670020922, 730721558, 698314499, 699695617, 5813056071]",46,ACH
LAL100,"[984536209, 5813105778, 5813105778, 984536209]",46,GABA
VES075,"[1785931916, 1193599901, 1193599901]",46,ACH
LAL031,"[826844892, 800937779]",45,
SMP040,"[5813014032, 769022355, 769022355]",45,GLUT
LAL161,"[1465630554, 1669255212, 1669255212]",45,ACH
PPL108,"[5812981791, 800303089, 800303089, 5812981791]",44,DA
SMP313,"[544037996, 729790291]",44,ACH
LHPV5e3,"[579575594, 642504699, 579575594, 642504699]",44,ACH
SMP391,"[704548608, 673085574, 673085574, 704548608]",43,
PS202,"[1070141508, 1130783454, 1130783454]",43,ACH
FC2A,"[1101845661, 1132168736, 1320480289, 5813055999, 1039767525, 1070103331, 1072818198, 1199327859, 1351065769, 5813049445, 5813014688, 1072507501, 1135941581, 1164882751, 1351869732, 5813088641]",42,SER on right ACH on left
SLP278,"[416876055, 416876055]",41,ACH
SMP178,"[581099105, 422738252, 422738252, 581099105]",41,ACH
CRE074,[508689623],41,GLUT
PS199,[1226206190],40,ACH
SMP374,"[5813021238, 5813056881, 5813021238, 5813056881]",39,GLUT
IB073,"[1512029563, 1345972395, 1512034076, 913810960]",39,
SMP060,"[360310976, 5813009358, 5813009358, 360310976]",39,GLUT
pC1b,"[392821837, 392821837, 267214250, 267214250]",39,ACH
CL166,"[790417660, 852763122, 790417660]",39,ACH
NPFL1-I,"[5813069630, 5813069630]",38,SER
SMP560,"[296859399, 1009578838, 296859399, 1009578838]",38,
VES067,"[1362674294, 5813061024, 5813061024]",38,ACH
SMP578,"[674781866, 1011970102, 922992588, 922992588, 1011970102, 674781866]",38,GABA
SMP327,"[790741191, 790741191]",37,
LHPD2c5,"[644761952, 642387793, 642387793, 644761952]",37,
SMP272,"[393063351, 5901232053, 393063351, 5901232053]",36,ACH
SMP004,"[582700300, 612367371, 582700300, 612367371]",36,
IB022,"[976964834, 1161459105, 978056035, 945354221, 945354221, 976964834, 978056035, 1161459105]",35,ACH
CRE046,"[829636950, 643830129]",35,
SMP547,"[708545526, 855638407, 855638407]",33,ACH
VES079,"[1914460817, 1914460817]",33,ACH
CRE016,"[796193592, 887921032, 887230673]",33,ACH
SMP392,"[643389529, 669421910, 643389529, 669421910]",33,ACH
SMP394,"[5813022339, 729358056, 5813022339]",33,
SMP255,"[515947324, 358847551, 358847551, 515947324]",33,ACH
PLP122,"[545510060, 545510060]",33,ACH
SMP360,"[609979769, 610321430, 609979769, 610321430]",32,
SMP580,"[574732075, 574732075]",32,ACH
SMP542,[608261812],32,GLUT
aIPg2,"[5813022814, 1882009576, 676479156, 5813035694]",32,ACH
aIPg1,"[1138212774, 707858790, 707863263, 707854989, 1138212774, 707863263]",31,ACH
SMP316_a,"[796393522, 670883838, 670883838, 796393522]",31,
SMP316,"[5813013547, 855630800, 762857726, 886328403, 762857726, 886328403]",31,
IB072,"[1223274640, 1284312505]",30,
SLP401,"[5813012136, 5813012136]",30,
SMP248,"[576475847, 643052767, 324725187, 576475847, 611361002, 611361002, 643721915, 324725187, 324721026, 643052767, 643721915]",30,ACH
SMP273,"[767903933, 829693574, 767903933, 829693574]",30,ACH
SMP359,"[705229969, 705229969]",30,
SMP384,"[548712377, 5813020996, 548712377, 5813020996]",29,DA
CL319,"[1073069488, 1073069488]",29,ACH
SMP325,"[729698667, 764148834, 729698667, 734327429, 764148834, 734327429]",29,
LAL014,[1262360335],29,ACH
SMP514,"[574511458, 574511458, 607929192, 607929192]",28,ACH
SMP163,"[733458828, 1112099400, 733458828]",28,GABA
SMP361,"[326888627, 296199021, 296199021, 326888627]",27,ACH
SMP081,"[361040812, 330678844, 361722354, 361722354, 330678844, 5813057162, 5813057162]",27,GLUT
SMP436,"[420666689, 420666689]",26,
SMP142,"[549597974, 735941254, 735941254, 549597974]",26,
LHPV10b1,[604709727],26,ACH
SMP363,"[296203324, 543433461, 357581846, 296203324, 326892322, 357581846]",26,
SMP594,"[976934253, 947743009]",26,GABA
CRE080,"[829050526, 736140238, 829059301, 829050526]",26,ACH
SMP424,"[386877197, 510676580, 386877197, 510676580]",26,GLUT
MBON04,"[613079053, 487925063, 487925063, 613079053]",26,GLUT
LAL011,[1419909152],26,ACH
SMP145,"[577554935, 484130600, 484130600, 577554935]",25,
SIP061,"[5812980103, 704785546, 5812980103, 674423996, 674423996, 704785546]",25,ACH
SMP133,"[394095053, 859381489, 393210919, 424452682, 546316427, 424792976, 546661881, 394095053, 546316427, 859381489]",25,
SMP507,"[581790318, 5813021005, 5813021005, 581790318]",25,ACH
FB4P_a,"[1101474458, 893741163, 1048975307, 1101142279, 1048975307]",25,GLUT
SMP553,"[298262663, 361114148, 361114148, 298262663]",25,GLUT
LNd,"[5813056917, 5813021192, 5813021192, 5813056917]",25,GLUT in cell type LNd a and ACH in cell type aSP7
SMP140,"[5813022343, 612742137, 5813022343]",25,
FC1C,"[1013779115, 5812989861, 1076198559, 1107566171, 1129772186, 1292083252, 5812989861, 5813016954, 1072166282, 1101142083, 1107566252, 1132176882, 1311487571]",25,ACH
SMP600,"[5813060768, 5813060768]",24,ACH
AVLP562,"[5812983831, 5812983831, 1450016008, 1450016008]",24,ACH
SMP546,"[5813058222, 765245188, 765245188]",24,ACH
SMP032,"[362299997, 362299997]",24,
PAL03,"[543821838, 675166212, 675166212, 543821838]",24,DA
LC33a,"[1260883995, 1260542968, 1260197510, 1263646693, 1534721340]",23,GLUT
IB074,"[1511016097, 1190763066]",23,ACH
IB018,"[702506641, 643393688, 643393688, 702506641]",23,ACH
SMP021,"[703101952, 703438567]",23,ACH
CRE108,[667266529],23,ACH
SMP180,"[519616809, 519616809]",23,ACH
SMP568_b,"[826136822, 5812980109, 826136822, 5812980109]",23,ACH
LAL030_a,"[674446014, 862010850, 862010850, 801283077, 674446014, 676133767]",23,ACH
SMP030,"[612712334, 612712334]",23,ACH
CRE005,"[551751981, 644450565, 552101431, 5813058320, 551751981, 644450565]",22,ACH
LAL141,[1138587910],22,ACH
LAL013,[894702888],22,ACH
SMP376,"[5813027592, 604289581, 604289581]",22,GLUT
LHPD2c1,"[356429209, 356429209]",22,ACH
LAL143,"[5813021122, 5813021122]",21,GABA
LAL182,"[701345660, 701345660]",21,ACH
SMP286,"[328373131, 297947227]",21,GLUT
AVLP496,"[5812982994, 5813058350, 5813097634, 1073314797]",21,ACH
LHAD1b2_a,"[606461310, 5813013202, 5813013202, 769199010, 824349873, 824349873]",21,
SMP474,"[1175433492, 1455438367, 1175433492, 1455438367, 1019357327]",21,
SMP139,"[644148561, 644113913]",21,
SMP359_b,"[326884223, 326884223, 388267095]",20,
SMP036,"[420723066, 609052312]",20,GLUT
IB049,"[730692294, 794466376]",20,ACH
CRE039,"[644153089, 5813054079, 644148539, 739572008, 894551935, 5813123042, 613083317, 613083317, 644153089, 5813054659]",20,GLUT *
SMP437,"[418607477, 418607477, 5813011320]",20,
LAL023,"[5813041237, 5812982711]",20,ACH
LAL032,"[763086729, 762058745, 704116248, 763086729]",20,ACH *
LAL010,"[987117151, 1387687146]",20,ACH
CL318,[977598865],19,GABA
SMP406,"[328278449, 328611654, 298603693, 327933061, 298258354, 328611654]",19,ACH
SMP590,"[703520999, 703520999, 512774096, 547227734, 5813011512, 5813011512]",19,
LAL015,[1666561406],19,ACH
CRE078,"[639995972, 675767414, 639995972, 643859327, 640104852]",19,ACH
FB5Q,"[640665331, 733203990, 607933758]",19,GLUT
oviIN,"[423101189, 485934965]",18,GABA
SMP320,"[480987689, 5812981506, 417908800, 479637825, 5813021225, 417908800, 512014262, 512014262, 5812981506]",18,
SMP503,"[361312808, 361312808, 5813020840, 5813020840]",18,DA
SLP330,"[484735637, 451995306, 484735637]",18,
SLP390,"[5813049907, 5813049907]",18,ACH
FB5D,"[890671753, 5813076043, 5813076043]",18,GLUT
FB5O,"[1039400642, 1039068185, 1039068185]",18,GLUT
CL278,"[645449236, 645449236]",18,ACH
LPN,"[450034902, 480029788, 450034902, 546977514]",18,GLUT *
CL237,"[705554385, 705554385]",18,ACH
SMP418,"[5813056041, 5813056041]",18,GLUT
SLP451,"[549161688, 549161688]",17,ACH
SMP039,"[701733434, 701733434, 672407642, 672407642]",17,DA
SMP198,"[5813021602, 5813021602, 546312597]",17,GLUT
SMP009,"[579946370, 5813041169, 579946370, 5813041169]",17,
SLP388,"[297917459, 298258611, 297917459, 298258611]",17,ACH
LHPD2c6,"[947858895, 790982851, 790982851]",17,
PLP161,"[920873167, 920869856]",16,ACH
aIPg4,"[861251038, 5813068484]",16,ACH
SMP328,"[674427795, 639655378, 5813020855]",16,ACH
CRE106,"[986918760, 1049261193, 5813058452, 923761285]",16,ACH
SMP366,"[611343891, 481371769, 481371769, 611343891]",16,
SMP515,"[297563139, 297563139]",16,ACH
LAL115,[858906840],16,ACH
SMP454,"[328010530, 328010530, 326253554]",16,ACH
CRE044,"[1544554625, 582027783, 613126471]",16,GABA
SMP427,"[607273339, 480681197, 449296930, 480328501, 480681197]",16,ACH
FB5E,"[5813021247, 798002859]",16,GLUT
SMP554,[669670654],16,GABA
SMP557,"[796755936, 707854620]",16,
VES060,"[739567785, 739567785]",16,
PLP121,"[390331214, 390331214]",15,ACH
SMP280,"[914466864, 884123412]",15,
SMP251,"[604864392, 360677632, 604864392, 360677632]",15,ACH
SMP359_a,"[296203392, 296203392]",15,
SMP382,"[666575508, 758977730, 736791573, 666575508, 791384849]",15,
SMP455,"[673758836, 5813053688, 673758836]",15,ACH
CRE018,"[705462899, 550621853, 703059097]",15,
CRE028,"[1112431072, 675144908, 550681259, 612742229, 826957102, 5812982960]",15,
CL301,"[1007260806, 1037612992, 1008970563]",15,
SMP108,"[361445621, 298258513, 361445621, 298258513]",15,ACH
CRE083,"[330319983, 361341837, 454935401, 362866879, 423749262, 424582092]",15,
pC1c,"[550319575, 267551639, 550319575, 267551639]",15,ACH
CL168,"[5812982965, 821729208, 914850280]",14,ACH
SMP381,"[792062042, 759667315, 855493136, 5813020284, 5813056101, 791043906, 822078542]",14,ACH
SIP060,"[5813020751, 5813020751, 418175238]",14,
LHAD1b6_a,"[512765816, 425471220]",14,
FB5K,"[5812980666, 952166828]",14,GLUT
SLP433,"[360268385, 360268385]",14,
SMP568_a,"[672697926, 671660941, 672697926, 734754585, 671660941, 924737391]",14,ACH
FB1H,"[5813062858, 519046655, 519046655, 5813062858]",14,DA
SMP591,"[5813011133, 5813033443, 514833145, 5813033443, 454822542, 487212916, 487212916, 514833145]",14,
CL303,"[5813022257, 5813022257]",14,ACH
AVLP590,"[885685726, 418607079]",13,GLUT
CRE014,"[854883067, 892398461, 894380152]",13,ACH
VES059,[952525648],13,ACH
DNp27,"[1072063538, 1072063538, 5813020347]",13,SER
SMP521,"[637008792, 637008792]",13,ACH
SMP214,"[832646151, 894724798]",13,GLUT
SMP527,"[544931723, 447599745, 447599745]",13,
SMP015,[644433538],13,ACH
SMP282,"[702079023, 733796382, 702079135, 947898091, 702079135]",13,
SMP047,"[698979607, 698979607]",13,GLUT
SMP019,"[702069970, 734473582, 669666822, 704111734]",12,ACH
SMP018_b,"[5813096198, 669978138, 642715563]",12,ACH
PLP162,"[5813078641, 1070651567]",12,ACH
AVLP477,"[800373114, 769263962, 800373114]",12,ACH
CL160,"[356878521, 547258283, 547258283]",12,ACH
CRE045,"[1050581215, 643488175, 675127699]",12,
SIP064,"[424434994, 424434994, 393883499]",12,ACH
MBON01,"[612371421, 673509195, 612371421, 673509195]",12,GLUT
SMP380,"[635878327, 697269889, 697269889, 824457714]",12,
SLP279,"[360591860, 360591860]",12,GLUT
IB087,"[1407398468, 1036257907]",12,
ATL003,"[758674661, 758674661]",12,GLUT
FB5V,"[926490072, 988909130, 989228019, 1049674502, 1050935614, 1163190900]",12,GLUT
SMP124,"[486876782, 484911881, 516965856]",12,GLUT
AOTU029,[737832306],11,ACH
CL029,"[739256609, 801257348, 702493502, 801257348, 5813011067]",11,GLUT
SMP321,"[732777416, 605550395, 605550395, 732777416]",11,
aIPg3,"[5813098975, 768590452, 768590452]",11,ACH
SMP541,"[577709776, 510049477, 510049477, 577709776]",11,GLUT
SMP528,"[603482385, 5901197274, 603482385, 5901197274]",11,GLUT
MBON35,"[518930199, 611089775, 518930199, 611089775]",11,ACH
CL030,"[699358695, 708208811, 791505612, 699358695, 708208811]",11,GLUT
CRE004,"[5813068769, 5813068769]",11,ACH
CRE011,"[674882250, 5901213440]",11,ACH
AVLP561,[858453703],11,ACH
SIP090,[456833888],11,ACH
SMP054,"[763885580, 706520453, 706520453]",11,GABA
CRE036,"[612742316, 675187578, 644148705, 612742298, 644148661, 644148661]",11,
CRE100,"[1013416147, 891771553, 891771553]",11,GABA
SMP324,"[764144161, 5813081849, 5813081849]",11,
LAL066,"[982389963, 1418572258]",11,
SMP411,"[487541595, 420696828, 6400000773, 420696828, 487541595]",10,
SMP190,"[424923616, 5813020817]",10,ACH
SMP238,[417221397],10,ACH
SMP239,"[358264919, 358264919]",10,ACH
SMP377,"[673405506, 704785256, 737491087, 672723441, 737491087]",10,
MBON32,"[642732835, 643847447]",10,GABA (L)
LAL137,"[7112622044, 7112622044, 5901221584]",10,ACH
SMP587,"[5813021566, 5813021566]",10,
MBON33,"[518670779, 547552266, 518670779]",10,ACH
AVLP473,"[1543949467, 5813058258, 5813058258, 1543949467]",10,ACH
VES061,"[645111897, 645111897]",10,
SMP037,"[704552421, 488231898, 704552421, 488231898]",10,GLUT
SMP593,"[549282467, 549282467, 518925962]",10,GABA
SMP020,"[643060819, 675447609, 706473389]",10,ACH
SMP254,"[5813069497, 762037782, 762037782]",10,ACH
SMP318,[644757911],10,GLUT
SMP341,"[573402255, 573402255]",10,ACH
SMP092,"[609993550, 549347735, 517280671, 549347735, 580662960]",10,GLUT
SMP596,[737189212],9,ACH
LHPV8a1,"[480258208, 480258208]",9,ACH
SIP073,"[674069555, 674069555, 737491049]",9,
SMP200,[636594376],9,GLUT
SMP249,"[420586101, 420586101, 544620289, 544620289]",9,GLUT
SMP182,"[5813020676, 5813020676]",9,ACH
SMP577,"[5813063137, 5813063137, 298258399, 298258399]",9,ACH
SMP266,[795187525],9,GLUT
AVLP495,"[1204063702, 1010235132, 916456567]",9,
SMP188,"[389311717, 390818643, 389311717]",9,ACH
SMP089,"[454477603, 453536432, 484911954, 454477603, 610351307]",9,GLUT
CRE076,"[669965108, 734599550, 734599550]",9,ACH
FB5F,"[705463539, 736286550]",9,GLUT
CRE094,"[705795727, 612643681, 738009096, 705463175]",9,ACH* (R)
SMP477,"[831291329, 827673856, 831291329]",9,
CRE003_a,"[610981584, 546196205, 1015479949, 610981584]",9,
SMP513,"[330415332, 330415332, 481070027]",9,
SMP400,"[421405157, 5901215966, 5901215966]",9,
SMP404,"[544611593, 481406868, 481406868, 544265891, 544265891, 544611593]",9,ACH
SMP358,"[5812982052, 5813108129, 607251100]",9,
CL212,"[1042724993, 5812992893]",9,ACH
PLP245,"[675153151, 675153151, 675490204, 675490204]",9,ACH
M_spPN4t9,[1316245799],9,ACH
FB4F_a,"[1051980223, 1112777131, 5813065004, 1162862710, 1163228703]",8,"SER, GLUT"
mALD1,[544038123],8,GABA
CL123,"[855147657, 1013040388, 978971398]",8,ACH
SMP405,"[331343089, 5901213624, 5901213624]",8,ACH
SMP408_c,"[5813011486, 359317340, 329301762, 329301762, 5813011486]",8,ACH
SMP082,"[328265389, 5813026589, 298254517, 329310230]",8,
VES008,[5813057245],8,ACH
AVLP032,"[550962648, 487968933, 550962648, 487968933]",8,ACH
SMP138,"[861065482, 582101205]",8,
SMP078,"[5813019681, 298957166, 298957166]",8,
SMP177,"[422751191, 485585976]",8,ACH
SMP210,"[510278853, 540972196]",8,GLUT
SIP065,"[330320065, 5813021235, 5813021235]",8,GLUT
CRE061,"[980978890, 980982986]",8,ACH
SIP024,"[708187441, 5813058272, 893338771, 893338771]",8,ACH
SMP561,"[5813015068, 5813015068]",8,ACH
CL196,"[418969956, 387939094, 606193500]",8,GLUT
MBON12,"[704466265, 861665641]",8,ACH
CRE001,[5901192948],8,ACH
SIP036,[517838657],8,
SIP022,[705471952],8,ACH
CRE025,"[5813070991, 361376643]",8,GLUT
SIP023,[642387775],8,
SMP158,"[731140809, 699363923]",8,ACH
LAL044,[5812980916],8,ACH
LAL042,"[958197533, 1543138040]",8,GLUT
IB016,"[915188031, 977413163]",8,GLUT
SLP411,[329301513],7,GLUT
SLP422,"[5813008934, 5901221890]",7,
SLP246,"[638152829, 673418040]",7,ACH
SMP027,"[390352384, 390352384]",7,GLUT
LHPV5g1_a,"[728974338, 728625156]",7,ACH
SIP045,[706451920],7,
M_spPN5t10,[1733370882],7,ACH
SIP087,"[5812980746, 487187476, 487187476]",7,DA
PS214,[1345596879],7,GLUT
SLP461,[484368420],7,
SMP008,"[576566287, 639655157, 639655157, 704785058, 704785058]",7,
SLP399,"[266187559, 266187559, 481731074, 481731074]",7,
CRE103,"[705787638, 5813094811]",7,ACH
SMP569,"[766385551, 1042366365]",7,ACH
SMP458,"[581004609, 5813026785, 5813026785]",7,ACH
CRE040,"[549722579, 549722579, 668967527, 668967527]",7,GABA
FB6X,"[422742649, 946300310, 946300310]",7,
SMP475,"[5812983281, 793797279]",7,
SMP326,"[541011631, 734901302, 672041363, 704898746]",7,
LAL071,"[1170645699, 1201659335]",7,
SMP496,[542410481],7,GLUT
SMP510,"[579194975, 579194975, 581962275, 796232909]",7,ACH
LAL004,"[894362173, 894362173]",7,ACH
CRE107,"[518558825, 550426732, 550426732]",7,GLUT
CRE043_d,"[799263200, 798684461]",7,GABA
SMP575,"[5813087620, 2147677469]",7,
FB3E,[1224591253],7,
FB5AA,"[5813060701, 1039400328]",7,
SMP364,"[296535619, 296535619]",7,
SMP201,"[731145160, 731145160, 5813064332, 5813064332]",7,GLUT
SMP401,"[5813077488, 420351087]",7,
FC1E,"[1072503099, 1098737385, 908728886, 1135941181, 1320825799]",7,ACH
LHPD2a6,[947862945],7,
DNa03,[1139909038],6,ACH
SMP388,[5813057973],6,ACH
FB5C,"[486842208, 5812983636]",6,GLUT
SMP421,"[544262033, 5812981016, 417558532]",6,ACH
CRE086,"[769924974, 895091952, 1298985697]",6,
SMP117_b,"[517910959, 5813012231, 517910959, 5813012231]",6,
SMP063,"[730454511, 582381054]",6,
CRE091,"[794967711, 734408687, 794967711]",6,
SMP069,"[640691209, 611029037, 640691209, 5813134294]",6,
SMP075,"[581336531, 613044611]",6,GLUT
PS163,[1158402729],6,GABA
SMP093,"[581409749, 488231939, 580732377, 581409749]",6,GLUT
LHPV3a1,"[913681721, 1036503560]",6,ACH
CRE024,"[1015143077, 1015143077, 675528661, 675528661]",6,GLUT (L) ACH (R)
SMP423,[670703141],6,ACH
SIP069,"[610981555, 643329030]",6,
mALB2,[642723975],6,GABA
AOTU062,"[954705691, 1692782686, 922643119]",6,GABA
ATL044,[851114700],6,ACH
VES005,[5813082239],6,ACH
VES001,[5813055298],6,GLUT
CL010,"[479908320, 479908320]",6,GLUT
CL019_a,"[511660697, 511660697]",6,
SIP071,"[516844782, 518861029]",6,
SMP565,[5813010212],6,
SMP470,"[576985092, 578621125, 578621125]",6,ACH
CL171,"[5813048229, 821729315]",6,ACH
CL249,"[5813065519, 5813065519]",6,ACH
CL300,"[1008966615, 1006928515, 5813048745]",6,
SMP543,"[789398359, 5813077945]",6,GABA
CL344,"[853514696, 951645198, 853514696]",6,DA
SMP492,"[670435003, 732163357]",6,ACH
SMP490,"[700335140, 700335140]",6,ACH
CRE029_b,"[612742165, 675187558, 861005020, 861005020]",6,
FB6W,[1071121755],6,
SMP085,"[393776005, 425148091, 425148091, 484829654, 484829654, 485171425]",6,GLUT
SMP332,"[637621553, 700377995, 637621553]",6,
IB057,[1100085251],6,
LAL007,"[644788121, 644788121, 5813011074]",6,ACH
SMP330,"[731062953, 703779386]",6,
LAL076,"[1200014419, 1231044615]",6,GLUT
LAL147,"[821418392, 1512707390]",6,GLUT
SMP275,"[671234167, 671234167, 639327084]",6,
SMP146,"[299289811, 299289811]",6,GABA
SMP265,"[548937579, 5813097926]",6,ACH
SMP164,"[611693656, 673518025]",6,GABA
SMP253,"[514842241, 514842241]",6,ACH
LC33b,"[1325405571, 1260197431, 5813022538]",6,GLUT
IB078,"[1410516394, 1225553531]",6,
SMP356,[420010739],6,
SMP199,"[547002880, 361005850, 361005850]",6,ACH
FB7E,"[361364000, 329638509, 329638509, 885603106]",6,
LHPD2c7,"[576502536, 579234980]",6,GLUT
IB024,"[914298735, 727713068]",6,ACH
FS4C,"[1072455791, 1230004532, 419639583, 5813020674]",6,SER
LHPD2c2,"[674096140, 674096140]",6,
LAL025,"[1632055020, 1812493277]",5,
SLP400,"[484134987, 484134987, 326888609]",5,
SMP491,"[697939194, 697939194, 637393228]",5,"ACH, GLUT"
SMP186,"[329970706, 329970706, 5813020803]",5,ACH 
LAL082,[1820005073],5,
SMP291,"[543256347, 299290105]",5,ACH
ATL036,[697416237],5,GLUT
LAL148,[851110676],5,GLUT
LAL159,"[1300276335, 1605842920, 1605842920]",5,ACH
CL265,"[520617773, 5813022976, 5813022976]",5,ACH
CL175,"[481035392, 916029180]",5,GLUT
SMP558,"[887588829, 739917109]",5,ACH
AVLP470,"[5813067732, 5813067732]",5,ACH
SMP270,"[762745906, 669649736, 702730227]",5,ACH
VES012,[821686394],5,ACH
SMP568_d,"[329646990, 329646990, 5813020857]",5,ACH
SMP574,"[5813057481, 614413183]",5,
PAL01,"[485511772, 5813055817, 485511772]",5,DA
AVLP015,[676479217],5,GLUT
SMP246,"[608278754, 544706811]",5,ACH
CL008,[5812980473],5,GLUT
LHPD2a7,"[695500178, 675800901, 676138357]",5,
SMP581,"[697265869, 607938091, 607938091]",5,
LAL016,[1168915489],5,ACH
SIP035,"[578556621, 580287695]",5,
CRE034,"[643773259, 769268002, 769268002]",5,GLUT
SMP413,"[700037217, 698996246]",5,
FB6V,"[1008369816, 915960293]",5,GLUT
SMP371,"[451365099, 794277305, 514475106]",5,GLUT
SMP118,"[580780309, 551303686, 551303686, 580780309]",5,
PLP124,[5813049946],5,ACH
PPM1205,[5813060068],5,DA
SLP398,"[357573154, 326879917, 357573154]",5,ACH
LHPD5a1,[514068564],5,GLUT
SMP079,"[454896445, 5813026661, 5813026661]",5,GABA
PLP042_b,"[1013757060, 1066516552, 983529474]",5,
PLP032,"[915503330, 5813050772]",5,ACH
IB084,[5813094560],5,
CRE089,"[675784199, 702199343, 702199343, 733399215, 983905050]",5,
CRE095,"[798849134, 766653726, 5813012995]",5,
SMP154,"[550404663, 5813089157]",5,
SMP057,"[607925257, 670810688, 763116811]",5,GLUT
CRE084,"[827323331, 5813022915]",5,
CRE082,"[454787848, 767321428]",5,ACH
LAL008,"[1605181883, 1170352367]",5,GLUT
SMP433,[418607328],5,
CRE062,[800238269],5,ACH
VES041,"[1534270924, 1534270924]",4,GABA
SMP398,"[5813021498, 822461999, 5813021498]",4,
SMP370,"[701371011, 1143167974, 1143167974]",4,GLUT
SMP135,[486518323],4,GLUT
SMP354,"[5813010748, 390003153]",4,
SLP402,"[5813075932, 5813075932, 5813105726]",4,GLUT
VES003,[5813126031],4,GLUT
aMe24,"[5813011660, 574965048, 574965048]",4,GLUT
SMP029,"[604070433, 604070433]",4,GLUT
v2LN37,[1916485259],4,GLUT
SMP155,"[484825371, 611452437, 5813040766]",4,GABA
SMP002,[550638250],4,
SMP408,"[545971650, 545967423, 545971748]",4,ACH
SMP597,"[822428009, 822428009]",4,ACH
SMP347,"[326888675, 266187383, 267896360]",4,
SMP592,"[451062462, 451062462, 734491001, 734491001]",4,
SMP090,"[545903200, 5813071078, 5813071078, 5813077469]",4,GLUT
SMP046,"[390330983, 390330983]",4,GLUT
SMP213,[705816818],4,GLUT
SMP409,[547565159],4,GLUT
SMP131,"[420688241, 546661879, 546661879]",4,
SMP165,"[923415956, 456523994, 923415956]",4,GLUT
SMP410,"[610666582, 5813021564]",4,
SMP415,"[550297695, 550297695, 604864322]",4,
SMP414,"[822376419, 822380754, 822380754]",4,
SMP126,[296885362],4,
vpoEN,[1570922129],4,ACH
PLP226,"[1564157830, 1534850246]",4,
PS166,[603167111],4,ACH
LHPD2a1,"[571666434, 573337611]",4,
CL165,"[543135607, 454481372, 543135607]",4,
LHAD1b2_c,"[5813052205, 574040939, 762274975]",4,
CL211,[822505389],4,ACH
CL336,[915520244],4,ACH
CL337,[1200619473],4,
PS165,"[1811163357, 1533226802, 1533226802]",4,GABA
CRE006,"[736174181, 736174181, 5813082723]",4,GLUT
5-HTPMPV01,"[541697718, 5813078603]",4,SER
CL020,"[547551580, 542699260, 547551580]",4,
LAL060,"[5813097020, 1138915459, 1325479712]",4,GABA
CRE021,"[767904550, 767904550, 5813082722]",4,GABA
IB053,[1099389583],4,
FC1D,"[1312169753, 1136248041, 1163552692]",4,ACH
FB6U,[298944444],4,
CRE081,"[1017547830, 892722090, 892722090]",4,ACH
CRE085,"[769355285, 800588608, 800588608]",4,
CRE093,"[827911067, 643350227, 767486231]",4,
LHPD2a2,"[699178922, 448869118, 5813129453]",4,ACH*
LHAD1b1_b,"[456187010, 551989415]",4,
LHPD2c3,"[325743813, 5813013630]",4,
AVLP493,"[612336669, 888146447]",4,
SLP392,"[326474963, 326474963]",4,ACH
AOTU030,[861583205],4,ACH
PLP224,"[1533481571, 1594882312]",4,
PFL3,"[666994301, 789130596, 911569552]",4,ACH
PAM13,"[800622401, 706819341, 799578347]",4,DA
AVLP255,[1322051647],4,GABA
PAM01_b,"[455159380, 925799233, 1295855722, 5813022404]",4,DA
FB5L,[977339122],4,GLUT
AVLP498,[1632016438],4,ACH
AVLP530,[5813038579],4,ACH
OA-VUMa1,"[1353043462, 1479618250]",3,OCT
SMP342,"[543092817, 543092817]",3,GLUT
FB5P,"[674558711, 1039076835, 1102191395]",3,GLUT
SMP378,"[5813057933, 5813057933]",3,
MBON27,"[5813117385, 5813061538]",3,ACH
FB5Z,"[915615021, 977006924, 977339390]",3,GLUT
SMP159,"[575768294, 575768294]",3,GLUT
SMP204,"[669088684, 669088684]",3,GLUT
PLP210,"[511685969, 511685969]",3,SER
SMP144,"[609310926, 701383309, 701383309]",3,GLUT
IB058,[1005952640],3,GLUT
IB079,[1068436695],3,
SMP340,[296203440],3,ACH
LAL142,[1107561814],3,GABA
LAL045,"[1325133618, 1325133618]",3,GABA
SMP329,"[643393020, 639650941]",3,
SMP147,"[328935472, 390486371]",3,GABA
SMP148,"[703179848, 800212579, 1817712927]",3,GABA
LHPV10d1,"[423748579, 725701350, 725701350]",3,ACH
SMP323,[734132592],3,
SMP152,"[455155337, 922810839]",3,ACH
FB1C,[579268807],3,"DA, SER(L)"
LAL150,"[1036637830, 5813015594]",3,GLUT
LAL130,"[861251942, 861251942]",3,ACH
LAL068,"[1387868622, 1356173442]",3,
SLP393,"[5813075619, 5813075619]",3,ACH
DNp42,"[981000564, 981000564]",3,ACH
CL261,"[924788221, 5813016958, 5813016958]",3,ACH
CL176,"[5813040037, 5813040037]",3,GLUT
CL162,[758955666],3,ACH
CL129,"[478591447, 613191512]",3,ACH
SMP576,[5813055535],3,
SMP579,"[546217818, 608715651]",3,GLUT
SMP586,[484821546],3,ACH
AVLP563,"[735470654, 5813057461, 5813057461]",3,ACH
AVLP497,[1104790425],3,ACH
AVLP428,[919168397],3,GLUT
AVLP016,[947573616],3,GLUT
VES009,"[1140923511, 5813069512]",3,ACH
ATL029,"[821552280, 697316795]",3,ACH
VES065,[1132406255],3,ACH
ATL012,[733235394],3,ACH
ATL004,[577369038],3,GLUT
AOTU061,[862278897],3,GABA
AOTU042,"[1757612027, 1137590955]",3,GABA
CL194,[388280249],3,
CL312,"[800925392, 800925392]",3,ACH
DNp32,[5813050455],3,DA
SMP529,"[386833850, 386833850]",3,ACH
CRE105,[859735285],3,ACH
SMP412,"[514116545, 514116545]",3,
CRE066,"[760690116, 917919724, 1046506683]",3,ACH
SMP121,"[5901195945, 423792217]",3,GLUT
SMP460,"[820856412, 820856412]",3,ACH
CRE030_a,"[613083298, 675187572]",3,
SMP468,"[823852745, 602071049]",3,
CRE029_a,"[612414168, 643794320, 643794320]",3,
SMP472,"[916655865, 576566621]",3,
SMP473,"[548993536, 548993536]",3,
CRE026,"[612746670, 5813040190, 5813040190]",3,
CRE013,"[550068041, 548570973]",3,GABA
CRE010,"[5813123585, 986974738]",3,GLUT
SMP504,"[610113424, 424793122]",3,ACH
SMP508,"[5812980142, 5812980142]",3,
CRE003_b,[794462286],3,
CL356,"[543062097, 5813063829]",3,ACH
CRE049,[613040803],3,ACH
SMP337,"[5813020696, 5813020696]",3,GLUT
5-HTPMPD01,[297230760],3,DA
SLP421,"[327881747, 299604862]",3,ACH
SMP031,[579230376],3,ACH
SMP022,"[515092013, 640276971, 640276971]",3,
SMP016_a,"[5813053669, 699998408]",3,ACH
SIP010,"[609591989, 609591880]",3,
SIP055,"[546080131, 546080131, 730001920]",3,ACH
SIP059,"[481295335, 481295335]",3,ACH
SMP010,"[5813011298, 5813011298]",3,GLUT
SIP063,"[5812979948, 5813032709]",3,
SMP050,"[5813056054, 5813056054]",3,GABA
SMP110,"[5813014391, 612307129]",3,
SLP129_c,"[482417237, 581652283]",3,
SMP055,"[643401816, 644425543]",3,
SMP025,"[5813055768, 267223104]",3,
SMP114,"[517872280, 550081666, 550081666]",3,GLUT
SLP245,"[609513630, 609513630, 644408508]",3,ACH
SLP329,"[518598175, 518598175]",3,
SMP115,"[550275952, 550422384]",3,GLUT
SLP328,[391971839],3,
SIP018,[640963528],2,GLUT
SIP011,[609591891],2,
CRE056,"[952724101, 953410147]",2,
LAL056,[2216261919],2,GABA
SMP425,"[481359062, 701470006]",2,GLUT
CRE054,"[830634936, 862671913]",2,
CRE050,"[425104178, 642702809]",2,GLUT
IB091,"[5812984012, 5813033379]",2,ACH
SMP444,[510680365],2,GLUT
SMP062,[515251693],2,
CRE043_a,"[892385258, 5901218930]",2,GABA
CRE042,"[641688553, 703900244]",2,GABA
SMP456,[5813057861],2,ACH
LAL070,[1449611593],2,
CRE041,"[673863199, 1081957306]",2,GABA
SMP035,"[297584869, 453108601]",2,GLUT
LAL073,[1572744091],2,GLUT
SMP446,[892376440],2,GLUT
SMP408_a,"[298927362, 298927362]",2,ACH
LAL009,[1069002537],2,ACH
IB080,[1407783264],2,
IB063,[5813088784],2,
IB059,[1039093891],2,GLUT
LAL003,[5813041304],2,ACH
SMP365,"[296535655, 638985608]",2,
SMP369,[758990648],2,ACH
LAL005,"[5812983128, 5901201676]",2,
SAD010,[1933892078],2,ACH
SAG,"[517587356, 517587356]",2,SER
FB5X,"[767313151, 1101487727]",2,GLUT
FB5W,"[766937594, 1070111661]",2,GLUT
CRE029_c,"[5812980520, 5812980520]",2,
SMP390,[5813075692],2,ACH
FB4P_b,"[894168625, 1163199311]",2,GLUT
SMP396,[791427589],2,
SMP119,[482524464],2,GLUT
SMP044,"[577244511, 605662705]",2,GLUT
SMP043,[609893831],2,GLUT
FB5N,"[1008024276, 5813058442]",2,GLUT
SIP047,[391021712],2,ACH
CRE012,"[5813058319, 5813058319]",2,GABA
ATL037,[5813061114],2,ACH
CL018,"[543412036, 548225503]",2,
CL009,[5812980494],2,GLUT
CL006,[729007988],2,ACH
SLP013,"[5901201909, 5901201909]",2,
AVLP593,[889863729],2,DA
SLP129_b,[5813021223],2,
SMP595,[479260891],2,GLUT
SLP428,[267564140],2,
VES042,[1875284107],2,ACH
SIP075,"[361700674, 580288167]",2,
VES054,[1099043553],2,ACH
WED014,"[1136852717, 2067847820]",2,GABA
ATL007,[730013818],2,
AOTU044,[757538997],2,
AOTU022,[800212976],2,GABA
AOTU020,"[1050922195, 1076173414]",2,GABA
5-HTPMPV03,"[791527493, 791527493]",2,DA
vpoDN,[5813057864],2,ACH
CL019_b,[578587259],2,
CL025,[666200256],2,GLUT
SMP023,"[578919867, 579239039]",2,
SMP531,[390590450],2,GLUT
CRE009,[827889523],2,ACH
CRE007,[675822802],2,GLUT
SIP039,[5813009766],2,
SMP281,"[760729207, 764153172]",2,
CL343,[1136852640],2,
SMP018_a,[642715875],2,ACH
SMP017,[760358472],2,
SMP016_b,"[759681018, 760021137]",2,ACH
SMP533,[449288517],2,GLUT
CL109,[823058891],2,ACH
CL308,"[947582284, 947582284]",2,ACH
CL286,[5813063093],2,ACH
CL244,"[514708179, 514708179]",2,ACH
SIP062,"[5813056257, 5813056257]",2,
CL161,"[821729374, 852422640]",2,ACH
CL147,"[5813015408, 5813096913]",2,
CL144,[767455273],2,GLUT
CL112,[914778159],2,ACH
LAL121,[1480653743],2,GLUT
PPL101,[1196854070],2,DA
SMP399,"[329988112, 329988112]",2,ACH
OA-VPM4,"[767473384, 767473384]",2,OCT
LAL176,[1637512099],2,ACH
PLP187,[5813076392],2,ACH
PLP123,"[5813021899, 5813021899]",2,ACH
LAL191,"[1160073701, 1330008281]",2,ACH
PLP046_b,[5813041525],2,GLUT
LC46a,"[1719953914, 5812991473]",2,ACH
SMP150,[580300616],2,GLUT
SMP107,"[5813009554, 5813092990]",2,GLUT
LHAD1b2_b,"[483017681, 5813022459]",2,
PS143,[1748666238],2,
SMP172,"[298595196, 330661529]",2,ACH
LAL163,"[1331311183, 1437682133]",2,ACH
SMP173,[642024743],2,ACH
LHCENT5,[579912201],2,GABA
SMP207,[673426911],2,GLUT
SMP084,"[297917363, 297925608]",2,GLUT
LT42,[5813068748],2,GABA
SMP202,[419345606],2,ACH
LHPD2a5_a,[263674097],2,
PS119,"[1220873910, 5813064485]",2,
SMP193,"[360349882, 487899426]",2,ACH
SMP184,[234630133],2,ACH
LAL173,[1942806972],2,ACH
SMP247,[550617370],2,
SMP279_c,[760323253],2,
PLP246,[447872055],2,ACH
SMP132,"[392399005, 643760681]",2,
WED013,[1753523046],1,GABA
SMP552,[605166418],1,GLUT
SMP174,[767541763],1,ACH
SLP391,[298612190],1,ACH
CL311,[1446527869],1,ACH
SLP356,[637475264],1,ACH
CL287,[574736017],1,GABA
SMP168,[327933027],1,ACH
CL262,[1254331599],1,ACH
SIP053,[5901197108],1,ACH
MBON26,[895441451],1,ACH
CL243,[1039685005],1,
CL229,[1003215282],1,
CL209,[917298286],1,ACH
PS098,[1313849992],1,
CL199,[819725372],1,ACH
M_lvPNm24,[1671952694],1,ACH
CL185,[418970154],1,
CL178,[512411244],1,
CL177,[605852310],1,GLUT
OA-ASM2,[917643796],1,DA
CL174,[828955389],1,
SMP161,[453527730],1,GLUT
SMP097_a,[425143700],1,
CL159,[5813020748],1,ACH
SMP098_a,[517578770],1,
oviDNa,[550655668],1,ACH
MBON05,[799586652],1,GLUT
CL143,[853437941],1,GLUT
CL361,[5813056261],1,ACH
SMP494,[451390676],1,GLUT
LHPD2c4,[790641825],1,
LHPD5b1,[327933008],1,ACH
SMP501,[547927681],1,GLUT
SMP502,[824115747],1,GLUT
CRE008,[736830579],1,GLUT
PPL103,[5813022424],1,DA
SMP506,[5813075875],1,ACH
LHPD5f1,[639275368],1,GLUT
SIP038,[509928946],1,
AOTU003,[986089634],1,
SMP018_c,[609975449],1,ACH
AOTU008_a,[986098785],1,ACH
LT51,[1444351896],1,GLUT
LHPV11a1,[422997837],1,ACH
LHPV5g1_b,[700982749],1,ACH
CL342,[953013850],1,ACH
LT34,[770249286],1,GABA
PLP244,[5813061112],1,OCT
SMP129,[608283432],1,
SMP522,[5813012196],1,
AOTU024,[799521639],1,ACH (L) SER (R)
SMP525,[5813035328],1,ACH  
CL326,[5812983110],1,ACH
AOTU028,[737824168],1,ACH
CL323,[1134146373],1,
OCG06,[1164503211],1,ACH
SIP067,[5813020993],1,ACH
PLP216,[732077752],1,GABA
WEDPN16_a,[1883042152],1,
SMP602,[550322829],1,GLUT
SLP130,[456847100],1,ACH
AVLP096,[1200554295],1,GABA
PLP048,[956126012],1,GLUT
ATL042,[1036987921],1,DA
SLP213,[516806504],1,ACH
PLP220,[5813045806],1,
WEDPN17_a,[1223388206],1,
VES021,[1533542078],1,GABA
VES023,[1722164148],1,GABA
VES033,[1501820626],1,
ATL035,[5813009885],1,GLUT
VES045,[1877667406],1,GABA
SMP156,[5813022337],1,GLUT (L) ACH (R)
SMP113,[613066879],1,
WED149,[2034477252],1,
PLP211,[1378251040],1,DA
VES055,[5812987034],1,ACH
ATL027,[1020608279],1,ACH
ATL024,[515152792],1,GLUT
WED082,[1387527359],1,GABA
ATL022,[5813123584],1,ACH
SLP412,[449244969],1,GLUT
ATL015,[5813078068],1,ACH
SMP136,[359292188],1,
ATL008,[5813068575],1,GLUT
AVLP256,[922595498],1,GABA
SLP435,[5813020812],1,GLUT
AVLP460,[1288953551],1,
SLP439,[5813020785],1,ACH
SMP101,[551337690],1,
CL060,[922302296],1,GLUT
SMP570,[892376241],1,ACH
CL054,[1162534149],1,
mAL1,[1485786914],1,GABA
aSP-f2,[581013183],1,ACH
PAM08_c,[1172031461],1,DA
SIP074,[642651049],1,
SMP130,[548691397],1,
PS004,[1317397643],1,GLUT
PAM14,[893710296],1,DA
PS122,[1374649768],1,
SIP081,[730830911],1,ACH
PLP223,[1347642883],1,ACH
PFL2,[882239837],1,ACH
ATL001,[665479890],1,GLUT
SMP583,[578284233],1,GLUT
PPM1204,[910451489],1,GLUT
PPL202,[5813071348],1,DA
SLP127,[5813009578],1,
PLP012,[5813020388],1,ACH
AVLP525,[1290990807],1,
PPL201,[328533761],1,DA
SLP442,[485745069],1,ACH
AVLP494,[948851462],1,
SMP493,[676824431],1,ACH
PS152,[1158691908],1,
SMP024,[5813082780],1,
LAL174,[1943147567],1,ACH
PS264,[1344275238],1,ACH
SMP344,[391362634],1,GLUT
IB109,[5812983878],1,GLUT
SMP349,[266187480],1,
SMP353,[424443911],1,ACH
SMP267,[670370149],1,
SMP355,[481390070],1,
LAL185,[5813079192],1,ACH
IB070,[1068777508],1,ACH
SMP257,[452401052],1,ACH
SMP256,[483720758],1,ACH
PS271,[1220412108],1,GLUT
SMP053,[550750102],1,ACH
IB050,[670353202],1,GLUT
IB031,[1065284812],1,GLUT
IB020,[822911647],1,ACH
FS4A,[1136545839],1,ACH
LAL192,[975197713],1,ACH
PVLP151,[5813053860],1,ACH
SMP367,[5813047739],1,SER
LAL199,[1504207129],1,ACH
FB8I,[296855409],1,
FB7C,[5813010828],1,GLUT
LAL200,[956518968],1,ACH
SMP375,[1220434040],1,ACH
FB6N,[860305498],1,
LAL201,[1637171546],1,ACH
SMP250,[297917475],1,GLUT
PS145,[1811163598],1,
PS258,[883500704],1,
SLP396,[5813039906],1,ACH
CRE015,[858604499],1,ACH
SMP336,[299617529],1,GLUT
SMP283,[452340995],1,ACH
LAL146,[5901193720],1,GLUT
SMP285,[297938585],1,GABA
PS164,[1562914723],1,GABA
SMP287,[5813068453],1,
LAL135,[1628062270],1,ACH
SMP296,[297588995],1,
SMP077,[5813019833],1,GABA
LAL128,[1448591766],1,DA
LAL124,[1510648834],1,GLUT
LAL123,[1232038141],1,GLUT
LAL104,[1574164489],1,GABA
LAL101,[5812983825],1,GABA
LAL098,[1728942250],1,GABA
LAL090,[1498379140],1,GLUT
LAL087,[1541338954],1,GLUT
LAL080,[891663788],1,
LAL077,[829279239],1,
SMP279_a,[728667734],1,
LAL151,[1470065021],1,GLUT
SMP068,[551410783],1,GLUT
SMP067,[577002771],1,GLUT
LAL062,[1015458774],1,
PS192,[1843536369],1,
LAL047,[5813053923],1,GABA
LAL164,[1486123650],1,ACH
SMP061,[610415691],1,GLUT
LAL030_b,[825822254],1,ACH
LAL012,[5813022026],1,ACH
FB5T,[828934059],1,
SIP001,[731688775],1,
SIP003_a,[577205270],1,ACH
FB5H,[486315287],1,
CRE060,[984799284],1,
CRE059,[5813022759],1,ACH
CRE057,[768884949],1,
LHCENT10,[329225149],1,GABA
SMP211,[731689147],1,
SMP428,[667271225],1,ACH
CRE052,[643739027],1,
SMP209,[5812982295],1,
SMP442,[5813071257],1,GLUT
SMP206,[482002172],1,ACH
SMP452,[357250238],1,GLUT
SMP453,[637949421],1,
PS140,[1623262447],1,GLUT
PS127,[1283173461],1,ACH
LHPD2a4_b,[449205588],1,
SMP459,[946684931],1,ACH
SMP461,[696617609],1,ACH
SMP462,[5813011443],1,ACH
CRE037,[862787861],1,
SIP020,[737607426],1,
LHPD2a5_b,[5812980658],1,
SIP029,[5813049380],1,ACH
SIP032,[355077858],1,ACH
LAL149,[1036646944],1,GLUT
SMP026,[298599271],1,ACH
LHPD2a9,[760268555],1,
CRE020,[797194962],1,
SMP482,[636667489],1,ACH
SMP489,[761537199],1,
SIP014,[703387200],1,GLUT
SMP419,[640596169],1,GLUT
CRE071,[1013066710],1,ACH
LHAD1c2,[551298257],1,ACH
SMP387,[420325753],1,ACH
FB4R,[1131836336],1,GLUT
FB4Q_b,[1132168616],1,GLUT
FB4M,[1289359184],1,DA
FB4I,[1163194940],1,"SER, GLUT"
FB4H,[953414780],1,"SER, GLUT"
SMP395,[884636075],1,
LHAD1b4,[575384259],1,
FB4G,[988567837],1,"SER, GLUT"
LHAD1b6_b,[451995734],1,
FB4D,[1100801188],1,"SER, GLUT"
FB2L,[5813011125],1,
SMP045,[673068602],1,GLUT
LHAV6c1,[482732443],1,
SMP417,[700787980],1,
DNp17,[1507933560],1,ACH
DGI,[5813047772],1,SER
SMP231,[421055181],1,
SMP408_b,[298254474],1,ACH
SIP003_b,[607221569],1,ACH
CRE104,[1050249353],1,ACH
CRE102,[5813021046],1,GLUT
SMP041,[361787030],1,GLUT
CRE090,[982540894],1,
SMP216,[453457927],1,
CRE088,[671657343],1,
LHAV9a1_c,[794406234],1,
SMP038,[545444996],1,GLUT
SIP034,[792450754],1,GLUT