bodyId_pre,bodyId_post,weight,neurotransmitter
SMP550,"[452689494, 579700707, 579700707, 452689494]",669,ACH
SMP254,"[5813069497, 762037782]",477,
SMP507,"[5813021005, 581790318]",474,ACH
SMP198,"[5813021602, 5813021602, 546312597, 546312597]",468,GLUT
CRE077,"[611629428, 672192070, 611629428, 672192070]",461,ACH
SMP199,"[361005850, 547002880, 361005850, 547002880]",420,ACH
CRE022,"[5813083779, 5813062838, 5813083779, 5813062838]",409,GLUT
SMP386,"[5813109327, 790405385, 5813109327, 790405385]",386,ACH
SLP212,"[5901203505, 5901203505, 5813055769, 5812980529, 5813055769, 5812980529, 519004170, 359931311, 519004170, 359931311]",381,ACH
SMP272,"[393063351, 5901232053, 5901232053, 393063351]",371,ACH
SMP079,"[5813026661, 454896445, 5813026661, 454896445]",364,GABA
SMP237,"[542376096, 548722538, 542376096, 548722538]",354,ACH
SMP184,"[388954086, 234630133, 388954086, 234630133]",336,ACH
IB017,"[5813022375, 5813053712, 5813053712, 5813022375]",323,ACH
pC1c,"[550319575, 267551639, 550319575, 267551639]",320,ACH
SMP376,"[5813027592, 604289581, 5813027592, 604289581]",307,GLUT
SMP154,"[550404663, 5813089157, 5813089157, 550404663]",305,
SMP077,"[486194398, 486194398, 5813019833, 5813019833]",299,GABA
SMP471,"[550988122, 580732172, 550988122, 580732172]",291,ACH
MBON04,"[613079053, 487925063, 613079053, 487925063]",287,GLUT
SMP177,"[422751191, 485585976, 422751191, 485585976]",275,ACH
FC2C,"[885253534, 1071760480, 1076185604, 1103577592, 1198049989, 1035393986, 5813103626, 633541960, 1134849005, 858047578, 916296656, 1135294306, 885262090, 1072779298, 1008693462, 885262118, 1008693605, 1166674437, 947685653, 1076285102, 915605802, 793128475, 817678848, 885262118, 1010437434, 1164187272, 1166890100, 978681977, 1104155212, 5813041610, 916296860, 978345784, 1072533704, 5813058518, 5813129271, 793128475, 915946994, 947681574, 1072533704, 5813129271, 915605802, 1008693605, 5812986472, 916296860, 1008693462, 1076285102, 885262090, 947681574, 978681977, 947685653, 1010437434, 1134849005, 1071760480]",275,ACH
SMP007,"[423096449, 642509080, 483797945, 576898212, 642509080, 423096449, 576898212, 483797945]",272,
FB5Z,"[977006924, 642365841, 642365841, 915615021, 977006924, 977339390, 915615021, 977339390]",266,GLUT
LAL022,"[703196977, 730006122, 669649730, 735488299, 669649730, 700486220, 735488299, 730497472, 730006122, 703196977, 700486220, 730497472]",260,ACH
SMP362,"[296531366, 326884331, 638394209, 326884331, 638394209, 296531366]",257,
SMP541,"[510049477, 577709776, 510049477, 577709776]",254,GLUT
SMP153,"[576566223, 576566223, 392389970, 392389970]",253,ACH
SMP120,"[455815977, 392411222, 452162916, 484554412, 455815977, 484554412, 392411222, 452162916]",250,GLUT
MBON27,"[5813117385, 5813061538, 5813061538, 5813117385]",247,ACH
SMP291,"[299290105, 543256347, 299290105, 543256347]",243,ACH
FB5Q,"[607933758, 640665331, 733203990, 640665331, 607933758, 733203990]",243,GLUT
FC2B,"[5813081864, 884921015, 915623395, 977339225, 1134849078, 1570111396, 5813016287, 912583959, 1041071176, 1257629175, 1041139886, 1196573821, 1291142212, 5813057464, 977335129, 977352235, 915951605, 1009375497, 1164545788, 1195999722, 1039775880, 5813058388, 1070422316, 1039392337, 1260011966, 386280932, 1008391068, 1033192275, 1133925083, 1196573432, 5813033535, 881220948, 1196573432, 1009371535]",241,ACH
SMP464,"[418987009, 545501062, 516163285, 5813012786, 388293131, 5813012786, 516163285, 362719326, 418987009, 388293131, 545501062, 362719326]",236,
PAL02,"[486544396, 486544396, 455500416, 455500416]",236,DA
SMP512,"[358639742, 5813040712, 5813040712, 699687305, 358639742, 699687305]",232,
SMP181,"[330640044, 328943204, 330640044, 328943204]",231,DA
FB5X,"[1101487727, 767313151, 5813057738, 1101487727, 705118017, 768932330, 705118017, 766963432, 766963432, 767313151, 768932330, 5813057738]",221,GLUT
SMP124,"[516214576, 516965856, 486876782, 484911881, 516965856, 516214576, 484911881, 486876782]",216,GLUT
FB5G,"[578936675, 329983926, 946300206, 578936675, 329983926, 5813014693, 514807275, 5813014693, 1070102614, 514807275, 297908595, 946300206, 297908595, 1070102614, 328744210]",214,GLUT
SMP050,"[5813056054, 549701100, 5813056054, 549701100]",208,GABA
SMP383,"[636944318, 577330676, 636944318, 577330676]",204,ACH
FB7E,"[361364000, 329638509, 361364000, 979052812, 885603106, 5813071475, 5813071475, 329638509, 979052812, 885603106, 916288408, 916288408]",198,
ATL022,"[5813123584, 5813123584]",196,ACH
ATL006,"[5813062552, 5813062552, 518329528, 518329528]",193,ACH
SMP595,"[479260891, 479260891]",188,GLUT
SMP092,"[609993550, 580662960, 549347735, 580662960, 517280671, 609993550, 549347735, 517280671]",187,GLUT
SMP179,"[298603730, 424193116, 298603730, 424193116]",185,ACH
CRE025,"[361376643, 5813070991, 361376643, 5813070991]",177,GLUT
SMP381,"[759667315, 791043906, 855493136, 822078542, 5813020284, 791043906, 5813056101, 822078542, 5813020284, 855493136, 792062042, 759667315]",176,ACH
LAL182,"[701345660, 701345660]",176,ACH
MBON26,"[895441451, 912951014, 912951014, 895441451]",175,ACH
FB5P,"[1102191395, 1039080957, 1039080957, 1039076835, 674558711, 674558711, 1102191395, 1039076835]",174,GLUT
CRE012,"[861073717, 5813058319, 5813058319, 861073717]",170,GABA
PAM13,"[1141329227, 800622401, 799578347, 675468771, 706819341, 769018494, 800622401, 1204391417, 1141329227, 675468771, 987997896, 1173011450, 986828383, 1233501275, 799578347, 1233501275, 769018494, 1171436073, 5813032813, 1204391417, 706819341]",169,DA
SMP165,"[456523994, 923415956, 923415956, 456523994]",169,GLUT
SMP387,"[420325753, 328417092, 420325753, 328417092]",168,ACH
SMP253,"[514842241, 514842241]",166,ACH
CRE017,"[825489724, 795826923, 825489724, 795826923]",159,
LAL031,"[826844892, 800937779, 826844892, 800937779]",151,
SMP180,"[519616809, 519616809]",149,ACH
SMP174,"[767541763, 767541763, 831325065, 1232344382, 831325065, 1232344382]",148,ACH
FB5F,"[705463539, 736286550, 736286550, 705463539]",144,GLUT
PPL107,"[859265651, 424918786, 859265651, 424918786]",143,DA
SMP458,"[581004609, 581004609, 5813026785, 5813026785]",143,ACH left
oviDNb,"[519949044, 519949044, 642763374, 642763374]",143,ACH
FB6X,"[422742649, 946300310, 422742649, 946300310]",142,
LHAV9a1_c,"[794406234, 794406234, 793728667, 793728667, 953755666]",142,
SMP123,"[547240545, 547310321, 488572496, 546287086, 488572496, 546287086, 547310321, 547240545]",141,GLUT
SMP456,"[5813057861, 5813026745, 5813057861, 5813026745]",140,ACH
SMP422,"[640691030, 668742424, 640691030, 668742424]",137,ACH
LPN,"[480029788, 450034902, 356818551, 480029788, 450034902, 356818551, 546977514]",135,GLUT (check input literature) ACH??
SMP463,"[604195247, 634879889, 573142557, 795546494, 573142557, 795546494, 604195247, 634879889]",134,
SMP311,"[5813049378, 5813041161, 5813049378, 5813041161]",134,ACH
SMP156,"[673776769, 673776769, 5813022337, 5813022337]",133,GLUT (L) ACH (R)
LHPD2a2,"[5813014640, 448869118, 699178922, 5813129453, 448869118, 5813014640, 5813129453, 699178922]",131,ACH
SMP018_b,"[5813096198, 669978138, 608948356, 5813096198, 642715563, 608948356, 642715563, 669978138]",129,
CRE078,"[639995972, 643859327, 675767414, 640104852, 643859327, 639995972, 640104852, 675767414]",127,ACH
SMP513,"[481070027, 330415332, 330415332, 481070027]",127,
SMP058,"[582381047, 613179816, 582381047, 613179816]",125,GLUT
SMP577,"[5813063137, 298258399, 298258399, 5813063137]",124,ACH
SMP315,"[607273128, 609655670, 609655670, 5901196628, 607273128, 5901196628]",124,
SMP388,"[5813057973, 5813057973]",121,ACH
SMP527,"[544931723, 447599745, 447599745, 544931723]",120,
SLP278,"[416876055, 416876055]",120,ACH
SLP461,"[484368420, 484368420]",117,
pC1d,"[5813013342, 5813063587, 5813063587, 5813013342]",117,ACH
LHPD2c7,"[579234980, 576502536, 579234980, 576502536]",117,GLUT
SMP453,"[388280297, 5813009650, 420688294, 637949421, 388280529, 5901196159, 420688294, 388280297, 388280529, 859554255, 5901196159, 361704572, 361704572, 859554255]",116,
SMP001,"[5813056887, 5813056887]",113,SER (R)
SIP065,"[5813021235, 5813021235, 330320065, 330320065]",112,GLUT
CRE099,"[797558130, 674760884, 5813019676, 549727330, 674760884, 549727330, 797558130, 5813019676, 5813033255]",110,
SMP248,"[611361002, 643721915, 576475847, 643721915, 576475847, 611361002, 643052767, 324725187, 643052767, 324721026, 324721026, 324725187]",108,ACH
SMP111,"[765504308, 764817903, 764817903, 765504308]",108,
IB021,"[638964662, 638964662, 794256078, 794256078]",106,ACH
SMP357,"[643402037, 296203434, 296203434, 296203325, 296203325, 643402037]",104,
SMP514,"[607929192, 574511458, 574511458, 607929192]",102,ACH
SMP548,"[297580589, 393499533, 297580589, 393499533]",102,ACH
SMP029,"[604070433, 541347811, 604070433, 541347811]",101,GLUT
SMP059,"[644450686, 608754263, 644450686, 608754263]",101,GLUT
SMP516,"[453130054, 453130054, 481747302, 481747302]",101,
SMP363,"[296203324, 296203324, 357581860, 357581846, 326892322, 357581939, 357581860, 543433461, 543433461, 326892322, 357581939, 357581846]",100,
SMP270,"[669649736, 702730227, 702730227, 762745906, 669649736, 762745906]",100,ACH
LHPD2c5,"[644761952, 642387793, 644761952, 642387793]",98,
SMP080,"[638312678, 638312678, 5813041149, 5813041149]",97,ACH
SMP284,"[727929407, 727929407, 603068370, 603068370]",97,GLUT
SMP405,"[5901213624, 331343089, 5901213624, 331343089]",97,ACH
SMP162,"[327587644, 327587644, 733182574, 484890037, 733182574, 327588446, 327588446, 421068062, 484890037, 453522986, 421068062, 453522986]",96,GLUT
SMP312,"[730398229, 5812983240, 765590602, 5812983240, 732431788, 730398229, 765590602, 732431788]",96,
FB4E,"[485926760, 1226296238, 1051280385, 5812983538, 956212778, 988269593, 5812983538, 1019607245, 956212778, 1081755066, 988269593, 1081755066, 1131831990, 1112090340, 1019607245, 1051280385]",95,SER (L) GLUT (L)
PAM01_a,"[1109957857, 1266871604, 581332573, 644870768, 1109957857, 487899562, 1233428010, 550408954, 488559952, 644870768, 549955973, 1203070528, 643142863, 645224664, 674519060, 1233773217, 1234481054, 487899562, 488559952, 613847777, 674519060, 1171431567, 1204124270, 1233428010, 1234481054, 5812979560, 1171431567, 1203070528, 1204124270, 1264186300, 5813033215, 581332573, 643142863, 645224664, 1233773217, 5812979502]",95,
SMP347,"[266187383, 326888433, 267896360, 328269766, 326888433, 331006655, 266187342, 266187383, 326888675, 267896360, 390361224, 266187342, 331006655]",95,
SMP014,"[612034653, 612034653]",95,ACH
SMP251,"[360677632, 360677632, 604864392]",94,ACH
SMP018_c,"[609975449, 609975449, 728995438, 579963818, 579963818, 728995438, 700356592, 700356592]",94,
SMP249,"[420586101, 544620289, 420586101, 544620289]",92,GLUT
CRE098,"[550275987, 550275987, 704777224, 766846796]",92,
SMP051,"[5813132515, 674532291, 5813132515, 674532291]",91,ACH
CRE003_a,"[610981584, 546196205, 1015479949, 610981584, 546196205, 737486877, 610299911, 737486877, 1015479949, 610299911]",91,
SMP364,"[296535619, 296535619, 5813020850, 5813020850]",89,
AOTU012,"[611694145, 611694145]",89,ACH
SLP399,"[266187559, 481731074, 481731074, 266187559]",89,
SMP327,"[790741191, 790741191]",89,
LHPV5e3,"[579575594, 579575594, 642504699, 642504699]",89,ACH
SMP081,"[361040812, 361722354, 330678844, 5813057162, 330678844, 5813057162, 361722354, 361040812]",89,GLUT
SMP115,"[550422384, 550422384, 550275952, 550275952]",88,GLUT
SMP495,"[513344531, 513344531, 605554875, 513668146, 605554875, 513668146]",85,GLUT
SMP520,"[515588291, 575301459, 607955261, 515588291, 607955261, 730398148, 575301459, 730398148, 574515806]",84,
FB5Y,"[1008378609, 579420623, 1008378609, 580426342, 977338882, 977338882, 579420623]",83,GLUT
SMP078,"[298957166, 298957166, 5813019681, 5813019681]",83,
SMP205,"[418516470, 5813057859, 423105632, 423105632, 418516470, 5813057859]",82,
CRE009,"[827889523, 827889523]",82,ACH
SMP139,"[644148561, 644113913, 644113913, 644148561]",82,
SMP004,"[612367371, 612367371, 582700300, 582700300]",82,
IB022,"[1161459105, 976964834, 976964834, 978056035, 978056035, 945354221, 1161459105, 945354221]",82,ACH
SMP280,"[914466864, 884123412, 914466864, 884123412]",81,
CRE076,"[669965108, 734599550, 734599550, 669965108]",81,ACH
SMP240,"[5812981237, 5812981237]",80,ACH
SMP409,"[547565159, 668618317, 423766084, 668618317, 673073015, 673073015, 328948348, 549382144, 545971745, 547565159, 328948348, 549382144]",80,ACH
SMP008,"[576566287, 704785058, 639655157, 639655157, 704785058, 673413730, 576566287, 673413730]",80,
SMP314,"[543049093, 576082257, 543049093, 576082257]",79,
LAL078,"[921667198, 919624822, 859269976, 889975909, 921667198, 859269976, 919624822, 889975909]",78,
SIP011,"[609591891, 609587594, 609591758, 609591823, 609587594, 609591758]",78,
SMP382,"[736791573, 791384849, 736791573, 666575508, 758977730, 758977730, 791384849]",77,
SMP006,"[675127915, 675809900, 675809900, 675127915]",76,
SMP133,"[424452682, 393210919, 546316427, 424452682, 454792422, 394095053, 546661881, 393210919, 859381489, 394095053, 424792976, 424792976, 546661881]",76,
AVLP032,"[550962648, 550962648, 487968933, 487968933]",75,ACH
CRE029_a,"[674807824, 643794320, 5813022199, 674807824, 612414168, 612414168, 5813022199, 643794320]",75,
SMP551,"[328274638, 392757094, 392757094, 328274638]",75,ACH
LAL110,"[894422413, 831321033, 831321033, 894422413, 956820684, 956820684, 953855039, 953855039]",74,
ATL004,"[449218986, 577369038, 449218986, 577369038]",74,GLUT
LAL032,"[763086729, 704116248, 763086729, 762058745, 762058745, 827198933]",73,ACH
SMP340,"[296203440, 296203440]",73,ACH
SMP002,"[550638250, 550638250]",71,
LHPD2a7,"[704798196, 676138357, 704798196, 675800901, 676138357, 695500178, 675800901, 695500178]",70,
FB8I,"[296838079, 296855409, 296838079, 296855409, 916629686]",70,
oviDNa,"[550655668, 550655668]",70,ACH
SMP473,"[548993536, 548993536, 700792608, 700792608]",70,
pC1e,"[514850616, 514850616]",69,ACH
SMP359_b,"[326884223, 326884223, 388267095, 388267095]",69,
SMP487,"[756623488, 544512309, 452103083, 756623488, 544512309, 452103083, 328291093, 328291093]",67,ACH
SMP134,"[364156501, 364156501, 547681002, 5813060993, 5813060993, 547343857, 547681002, 547343857]",66,
SMP591,"[454822542, 514833145, 5813033443, 5813011133, 454822542, 487212916, 487212916, 5813011133, 514833145]",66,
FB6B,"[915610561, 915610561, 946990515, 577373434, 946990515, 577373434]",66,
SMP009,"[579946370, 5813041169, 579946370, 5813041169]",66,
SMP052,"[635908014, 576574889, 583132200, 635908014, 576574889, 546641039, 583132200, 546641039]",64,ACH
SMP450,"[5813061974, 1205220831, 1205220831, 357250005, 5813061974, 356909006, 357250005, 356909006]",63,
PS119,"[1034664458, 1220873910, 1220873945, 1220873910, 5813064485, 5813054204, 1220873945, 1069489835, 1007402796, 1034664458, 5813064485, 1069489835]",62,
CRE095,"[797562316, 798849134, 890287086, 828597380, 5813012995, 5813012995, 798849134, 890287086, 766653726, 766653726, 828597380]",62,
SMP316,"[855630800, 5813013547, 762857726, 855630800, 886328403, 5813013547, 886328403]",62,
SMP566,"[422056477, 422056477, 422056521, 422056521, 514816333, 5813020800]",61,ACH
SMP245,"[418503161, 418503161, 5812980470, 514043443, 514043443, 5812980470, 509924185]",61,ACH
SMP160,"[698742094, 5813056944, 698742094, 5813056944]",60,GLUT
SLP396,"[5813039906, 298607679]",60,
aIPg1,"[1138212774, 707863263, 707858790, 707858790, 1138212774, 707863263, 707854989, 707854989]",60,ACH
LHPV5e1,"[328611004, 299082033, 328611004, 299082033]",59,ACH
SLP400,"[326888609, 484134987, 484134987, 296199149, 326888609, 296199149]",59,
IB112,"[703106626, 823913632, 823913632, 703106626]",59,GLUT (R) DA (L)
SIP066,"[362019898, 5813019732, 609773847, 5813019732, 362019898, 391496898, 609773847, 391496898]",59,
SMP339,"[5812980884, 5812980884, 669075559, 669075559]",58,ACH
FB4P_b,"[5813075748, 925548084, 1163199311, 5813075748, 925548084, 862036858, 1163199311, 894168625, 894168625, 5813079193, 5813079193]",58,
SMP415,"[604864322, 604864322, 550297695, 550297695]",58,
SMP011,"[510987433, 510987433, 484126552]",57,GLUT
SMP590,"[547227734, 703520999, 5813011512, 512774096, 5813011512, 512774096, 547227734, 703520999]",57,
PAM12,"[829261936, 955464899, 1205090786, 829261936, 863711565, 983759126, 5813087817, 862705904, 983759126, 1204547624, 1204875505, 1205225146, 862705904, 1204547624, 1206114100, 893149866, 955464899, 1081086613, 1172441674, 1205090786, 1266478519]",57,
CRE035,"[612742224, 5813098223, 5813098223, 612742224]",56,
SMP178,"[422738252, 422738252, 581099105, 581099105]",56,ACH
IB050,"[670353202, 670353202, 822907387, 822907387]",56,GLUT
SMP122,"[5813056057, 611037750, 611037750, 5813056057]",56,GLUT
SMP112,"[706508078, 674108802, 641709938, 674108802, 706508078, 641709938]",55,
LHPV5g1_a,"[728625156, 728974338, 728625156, 728974338]",55,
SMP117_b,"[5813012231, 517910959, 517910959, 5813012231]",55,
SMP054,"[763885580, 706520453, 706520453]",54,GABA
SMP325,"[729698667, 764148834, 729698667, 764148834, 734327429, 734327429]",54,
SMP503,"[361312808, 361312808, 5813020840, 5813020840]",53,DA
FB5T,"[828934059, 828934059, 1070102904]",53,
CL123,"[948260484, 920951427, 1013040388, 978971398, 855147657]",52,ACH
SMP027,"[390352384, 390352384, 5813010251]",52,GLUT
SMP603,"[454136171, 454136171, 5813088360, 5813088360]",52,ACH
SMP385,"[5813083780, 766186252, 766186252, 5813083780]",52,ACH (L) DA (R)
SMP005,"[582696254, 614081109, 614081109, 582696254]",52,ACH
PPL102,"[5812981381, 5813058050, 5812981381, 5813058050]",51,DA (L)
LHPD2c1,"[356429209, 356429209]",51,ACH
CRE002,"[1325138116, 761040902, 761040902, 1325138116]",51,
SMP090,"[512782759, 545903200, 512782759, 5813071078, 5813077469, 5813077469, 5813071078]",51,GLUT
LAL159,"[1605842920, 1300276335]",51,ACH
SMP567,"[5813022160, 5813022160]",50,ACH
SMP389,"[575197482, 575197482, 451662040, 330316013, 451662040, 5813056932, 330316013]",50,ACH
SMP333,"[297921608, 297921608, 519694628, 519694628]",50,ACH
SMP003,"[516780722, 547158593, 516780722, 547158593]",50,ACH
SMP066,"[703179782, 704880200, 1008680614, 730717696, 703179782, 704880200, 730717696, 1008680614]",50,GLUT
SMP044,"[577244511, 605662705, 605662705, 577244511]",50,GLUT
SMP472,"[576566621, 576566621, 916655865, 916655865]",49,
SMP158,"[731140809, 699363923, 731140809, 699363923]",49,ACH
SMP468,"[604195063, 665897487, 602071049, 823852745, 665556968, 602071049, 951738965, 665556968, 823852745, 951738965, 604195063, 665897487]",49,
CL019_a,"[511660697, 511660697, 759633968, 759633968]",48,
SMP331,"[670020922, 699695617, 699695617, 730721558, 670020922, 698314499, 730721558, 5813056071, 5813056071]",48,ACH
SMP204,"[602368546, 602368546, 669088684, 669088684]",48,GLUT
SMP281,"[763116783, 764153172, 761083880, 763116783, 731071789, 760729207, 761083880, 764153172, 730730860, 730730860, 731071789, 760729207]",48,
SMP543,"[789398359, 789398359, 5813077945, 5813077945]",48,GABA
SLP410,"[450971893, 450971893, 5813056909, 5813056909]",48,ACH
SMP451,"[450004974, 388280541, 388280541, 5813083316, 450004974, 5813083316]",47,GLUT
LHPV5l1,"[357224041, 357224041]",47,ACH
CL175,"[481035392, 916029180, 481035392]",47,GLUT (R) ACH (L)
LAL030_a,"[674446014, 674446014, 676133767, 862010850, 801283077]",46,
SMP496,"[542410481, 542410481]",46,GLUT
SMP022,"[640276971, 640276971, 516857964, 515092013, 516857964]",46,
LHPD2a9,"[760268555, 760268555]",46,
PLP122,"[545510060, 545510060]",46,ACH
SMP318,"[644757911, 644757911]",45,GLUT
SMP065,"[604856102, 700779022, 608301148, 639050664, 639050664, 604856102]",45,
SMP117_a,"[5813060697, 549261610, 549261610, 5813060697]",45,
CRE030_a,"[613083298, 613083298, 675187572, 675187572]",45,
FB4Q_b,"[1132168616, 1132168481, 1168603800, 1168603800, 1131827565, 1132168481, 1132168616, 1131827565]",44,
CRE011,"[5901213440, 674882250, 5901213440, 674882250]",44,ACH
SMP172,"[330661529, 330661529, 362395402, 393171256, 362395402, 393171256, 298595196]",44,ACH
CL361,"[5813056261, 5813056261]",44,ACH
CRE016,"[796193592, 796193592, 887921032]",44,ACH
SMP408_d,"[297934349, 298241038, 298266903, 298266903, 298944479, 297917364, 298241038, 297934349, 297917364]",44,
CRE089,"[983905050, 983905050, 673047760, 767329844, 673047760, 767329844, 5813022370, 675784199, 702199343, 702708540]",44,
CL018,"[548225503, 578587420, 543412036, 543412036, 578587420, 548225503, 574420970, 574420970]",44,
SIP067,"[5813020993, 5813020993]",43,ACH
SMP119,"[357945155, 482524464, 357945155]",43,GLUT
ATL003,"[758674661, 758674661]",42,GLUT
CRE023,"[612755343, 610312734, 612755343, 610312734]",42,GLUT
SIP090,"[456833888, 456833888]",42,ACH
SMP477,"[831291329, 827673856, 831291329, 827673856]",42,
SLP398,"[357573154, 357573154, 326879917, 326879917]",42,
FB4C,"[1225290633, 1225290633, 1131836229, 1131836229]",42,GLUT (L)
LHPV10b1,"[604709727, 604709727]",42,ACH
IB018,"[643393688, 643393688, 702506641, 702506641]",42,ACH
SMP414,"[822376419, 822376419, 822380754, 822380754]",41,
CRE093,"[639974538, 857538779, 639974538, 767486231, 827911067, 643350227, 643350227, 795982617, 827911067]",41,
PAM14,"[675451588, 799362484, 5813061879, 923027316, 675451588, 829379400, 766838498, 799919294, 893710296, 954222134, 893710296, 954222134]",41,DA
SMP329,"[639650941, 643393020, 639650941, 643393020]",41,
SMP020,"[675447609, 643060819, 675447609, 706473389, 643060819, 706473389]",41,ACH
SMP580,"[574732075, 574732075]",40,ACH
SMP108,"[298258513, 298258513, 361445621, 361445621]",40,ACH
SMP356,"[420010739, 420010739]",40,
SMP101,"[551337690, 5901200903, 550655959, 550655959, 551337690, 550319585, 5901200903, 550319585]",40,
CL020,"[547551580, 547551580, 542699260, 542699260]",40,
PLP246,"[447872055, 792908892, 447872055, 792908892]",40,ACH
CL029,"[5813011067, 801257348, 801257348, 5813011067, 739256609]",39,GLUT
FB4P_a,"[1048975307, 893741163, 1101474458, 1101474458, 1048975307, 1101142279, 893741163]",39,
SMP420,"[391610069, 391610069]",39,ACH
LHAD1b2_c,"[5813052205, 574040939, 543321179, 762274975, 543321179, 762274975, 5813052205, 574040939]",39,
MBON29,"[5813052909, 5813058048, 5813058048, 5813052909]",39,ACH
SMP462,"[388975834, 388975834, 5813011443, 5813011443]",38,ACH
SMP413,"[698996246, 700037217, 698996246, 700037217]",38,
SMP018_a,"[642715875, 642715875, 673746538, 705454177, 705454177, 673746538]",38,
SMP047,"[698979607, 698979607]",38,GLUT
SMP366,"[611343891, 481371769, 481371769, 611343891]",37,
SMP380,"[697269889, 697269889, 824457714]",37,
LAL040,"[1138579549, 796978752, 1138579549]",36,GABA
PPL108,"[5812981791, 800303089, 5812981791, 800303089]",36,DA
SMP320,"[480987689, 5812981506, 5812981506, 5813021225, 480987689, 417908800, 479637825, 512014262, 512014262, 5813021225]",36,
SMP287,"[5813069072, 5813069072, 5813068453, 5813068453]",36,
SMP492,"[732163357, 732163357, 670435003, 670435003]",36,ACH
LAL023,"[5813041237, 5812982711, 5812982711]",36,ACH
CRE042,"[641688553, 641688553, 703900244, 703900244]",35,GABA
MBON35,"[518930199, 518930199, 611089775, 611089775]",35,ACH
SMP365,"[638985608, 638985608, 296535655, 296535655]",35,
SLP393,"[5813075619, 5813075619]",35,ACH
SMP138,"[861065482, 582101205, 582101205, 861065482]",35,
CRE030_b,"[644118254, 644118254, 675187643, 675187643]",35,
SMP141,"[675187531, 612746557, 675187531, 612746557]",35,
SMP082,"[328265389, 5813026589, 5813026589, 328265389, 298254517, 329310230, 298254517]",34,
SMP202,"[419345606, 419345606]",34,ACH
VES062,"[707837502, 707837502]",34,
SLP401,"[5813012136, 5813012136]",34,
FB4A,"[5813087837, 858933153, 1101133654, 1162871168, 5813087837, 1132172898, 1225290240, 1015592525]",34,SER (L) GLUT (L) SER (R) GLUT (R)
SMP452,"[453423834, 390344260, 357250238, 357250238, 390344260, 453423834]",33,GLUT
SMP454,"[328010530, 328010530, 326253554, 326253554]",33,ACH
SMP149,"[5813011483, 607597135, 607597135, 5813011483]",33,
LHPV10a1,"[387952104, 451049385, 387952104, 451049385]",33,
SMP216,"[453457927, 453457927, 695469100, 695469100]",33,
SMP319,"[542691005, 5812981228, 542691005, 5812981228]",33,
SMP032,"[362299997, 362299997]",33,
SMP359_a,"[296203392, 296203392]",32,
FB2C,"[766864238, 642715622, 642715622, 766864238, 735941543, 858604252, 828027702, 828027702, 704233784, 735941543]",32,
SMP132,"[550413337, 392399005, 643760681, 643760681, 455133591, 392399005, 550413337]",32,
SMP316_a,"[796393522, 796393522, 670883838, 670883838]",31,
SMP021,"[703438567, 703101952, 703101952, 703438567]",31,ACH
SMP143,"[609656444, 609656444, 703866010, 703866010]",31,DA
CL006,"[729007988, 792800570, 732082028, 729007988]",30,ACH
CRE013,"[548570973, 550068041, 548570973, 550068041]",30,GABA
LAL077,"[920994194, 829279239, 920994194, 829279239]",30,
SMP155,"[484825371, 455154890, 484825371, 611452437, 5813040766, 611452437, 455154890]",30,GABA
SMP239,"[358264919, 358264919]",30,ACH
FB6R,"[1011068028, 576208238, 5813088458, 1011068028, 576208238, 5813088458]",30,
SMP100,"[520285559, 551000891, 551000891, 520285559]",30,
SMP200,"[636594376, 636594376]",30,GLUT (R) GLUT (L) ACH (R) 
CRE103,"[705787638, 766126400, 5813094811, 766126400]",30,ACH
ExR3,"[1036637638, 919763043, 1036637638, 919763043]",29,DA (R) 
SMP030,"[612712334, 612712334]",29,ACH
SMP394,"[5813022339, 5813022339, 729358056, 729358056]",29,
CL278,"[645449236, 645449236]",29,ACH
FB2F_a,"[1224595608, 453765256, 1224595608, 640804169, 670651346, 5813022502, 670651346]",29,
SMP089,"[610351307, 484911954, 453536432, 454477603, 484911954, 454477603, 610351307, 453536432]",29,GLUT
SIP022,"[705471952, 705471952]",29,ACH
CRE029_c,"[5812980520, 613083359, 613083359, 5812980520]",29,
FB5D,"[890671753, 5813076043, 890671753, 5813076043]",29,GLUT
SMP074,"[791406204, 791406204, 853951730]",28,GLUT
SMP250,"[297917475, 297917475]",28,GLUT
SIP064,"[424434994, 424434994, 393883499, 393883499]",28,ACH
SMP170,"[299626157, 361700223, 299626157, 361700223]",28,GLUT
SMP355,"[481390070, 455820184, 455820184, 481390070]",28,
FB4Q_a,"[859977121, 859714144, 859977121, 859714144]",28,
AVLP075,"[674108632, 702152113, 674108632, 702152113]",28,GLUT
CRE027,"[519620935, 581060581, 519279166, 610731053, 610731053, 519620935]",28,
SMP275,"[671234167, 671234167, 639327084, 639327084]",28,
CRE040,"[668967527, 549722579, 668967527, 549722579]",28,GABA
SMP592,"[734491001, 578016879, 451062462, 451062462, 734491001, 5813026718, 578016879]",27,
CRE100,"[1013416147, 891771553, 891771553, 1013416147]",27,GABA
5-HTPMPV03,"[669325882, 791527493, 669325882, 791527493]",27,DA (R) ACH (R) GLUT (R)
SMP585,"[5813078074, 5813078074]",27,ACH
SMP402,"[512441442, 732496591, 512441442]",27,
SMP083,"[328632707, 327588225, 328632707, 358290805, 486932201, 486932201, 327588225]",27,GLUT
CRE039,"[739572008, 739572008, 5813054079, 613083317, 894551935, 613083317, 5813123042, 644148539, 5813123042, 644148539, 5813054079]",27,GLUT
SMP596,"[737189212, 737189212]",27,ACH
SLP327,"[361273559, 328538408, 361273559, 328538408]",27,ACH
AVLP473,"[5813058258, 5813058258, 1543949467, 1543949467]",27,ACH
SLP397,"[295802733, 295802733]",27,ACH
CL196,"[606193500, 418969956, 606193500, 418969956]",26,GLUT
IB060,"[762111368, 760806798, 760806798, 762111368]",26,GABA
FB5O,"[1039400642, 1039400642, 1039068185, 1039068185]",26,GLUT
SMP282,"[702079135, 733796382, 947898091, 733796382, 702079023, 702079135]",26,
FB5E,"[5813021247, 5813021247, 798002859, 798002859]",26,GLUT
SMP360,"[609979769, 610321430, 609979769, 610321430]",26,
SMP589,"[5813026705, 5813026705, 516283789, 516283789]",26,GLUT (L)
SMP099,"[487217638, 610368283, 641066630, 610368283, 641066630, 641403248, 487217638, 641403248]",26,
SMP427,"[607273339, 480681197, 418261858, 480328501, 418261858, 449296930, 480681197, 607273339]",26,ACH
aIPg3,"[5813098975, 768590452, 768590452, 5813098975]",26,ACH
SMP196,"[329978745, 519591210, 519591210, 329978745]",26,
SMP146,"[299289811, 268731005, 268731005, 299289811]",25,GABA
SMP359,"[705229969, 705229969]",25,
SMP449,"[5813026592, 362045855, 5813026592, 362045855, 546661929, 546661929]",25,
SMP368,"[390331583, 329732855, 390331583, 329732855]",25,ACH
SMP505,"[326530038, 203253253, 326530038, 203253253]",25,ACH
FB4Y,"[5813027016, 5813027016, 1008378448]",24,SER (R)
FB5V,"[1050266721, 988909130, 1020280792, 1111753990, 1113371822, 1163898298, 1111753990, 1194562363, 864073833, 1050935614, 1050024735, 1143129698, 5813062592]",24,GLUT
SIP010,"[609591880, 609587511, 609591989, 550280614, 609591989, 609587511, 609591880]",24,
CRE028,"[675144908, 1112431072, 1112431072, 675144908, 612742229, 826957102, 5812982960, 826957102]",24,
SIP026,"[5813083733, 5813083733]",24,
VES061,"[645111897, 645111897]",24,
SMP470,"[578621125, 576985092, 578621125]",24,ACH
SMP283,"[452340995, 452340995]",23,ACH
SMP328,"[639655378, 639655378, 5813020855, 674427795]",23,ACH
SMP553,"[298262663, 361114148, 298262663, 361114148]",23,
SMP361,"[296199021, 326888627, 326888627, 296199021]",23,ACH
ATL024,"[515152792, 515152792]",23,GLUT
SMP098_a,"[517578770, 517578770, 520272258, 520272258]",22,
SMP436,"[420666689, 420666689]",22,
CRE044,"[582709537, 832357089, 5813070070, 1544554625, 582027783, 613126471, 582027783, 582709537, 613126471, 645897107, 5813021138]",22,GABA
SMP109,"[5813009620, 5813009620, 360773196, 360773196]",22,ACH
SMP493,"[676824431, 762171741, 762171741, 676824431]",22,ACH
LHPD5d1,"[5813055800, 387568523, 5813055800, 387568523]",22,ACH
SMP515,"[297563139, 297563139]",22,ACH
SIP073,"[737491049, 674069555, 674069555, 737491049]",22,
LAL007,"[644788121, 644788121, 5813011074, 5813011074]",22,ACH
SMP142,"[549597974, 735941254, 735941254, 549597974]",22,
SMP401,"[5813077488, 420351087, 420351087, 5813077488]",22,
SMP038,"[545444996, 545444996]",22,GLUT
SMP148,"[800212579, 1817712927, 800212579, 5813022163, 5813022163, 703179848, 703179848, 1817712927]",22,GABA
MBON15,"[642664141, 673702721, 673702721]",21,ACH
SMP206,"[482002172, 482002172]",21,ACH
LAL080,"[891663788, 888577052, 921015773, 888577052, 921015773]",21,
SIP060,"[418175238, 5813020751, 418175238]",21,
VES067,"[1362674294, 1362674294, 5813061024, 5813061024]",21,ACH
SMP574,"[614413183, 5813057481, 614413183]",21,
SMP045,"[673068602, 673068602]",21,GLUT
SMP017,"[760358472, 760358472]",21,
SMP113,"[613066879, 613066879]",21,
CL344,"[853514696, 853514696, 951645198, 951645198]",21,DA
SMP447,"[736157288, 703740639, 736157288]",20,GLUT
SMP433,"[418607328, 418607328, 5812979995]",20,
SMP428,"[5813096638, 667271225, 5813096638]",20,ACH
SMP144,"[609310926, 701383309, 701383309, 609310926]",20,GLUT
SMP055,"[643401816, 644425543, 644425543, 674186774, 705558104, 674186774]",20,
PAL03,"[543821838, 543821838, 675166212, 675166212]",20,DA
SMP556,"[579536041, 798939240, 798939240]",20,ACH
IB042,"[1007640554, 1007640554]",20,GLUT
SMP182,"[5813020676, 5813020676]",20,ACH
CRE024,"[1015143077, 675528661, 675528661, 1015143077]",20,GLUT (L) ACH (R)
SMP404,"[481406868, 422052346, 481406868, 544265891, 544611593, 544611593, 422052346]",20,ACH
CL251,"[645086558, 5813079417, 645086558, 5813079417]",20,ACH
SMP393,"[761843188, 670357457, 761843188, 670357457]",19,ACH
LHCENT10,"[329225149, 329897255, 329225149, 329897255]",19,GABA
SMP317,"[608602824, 611340150, 608602824, 671449467, 611340150, 512787296, 671449467]",19,
SLP421,"[299604862, 299604862]",19,ACH
CRE084,"[827323331, 827323331, 5813022915, 5813022915]",19,
MBON33,"[547552266, 518670779, 547552266, 518670779]",19,ACH
SMP425,"[701470006, 701470006, 481359062, 481359062]",19,GLUT
SMP377,"[673741976, 704785256, 672723441, 673405506, 673405506, 673741976, 737491087, 580326857, 672723441, 674420122, 737491087]",19,
FC2A,"[1351065769, 1072507501, 1132168736, 1135941581, 1199327859, 1033196675, 1320480289, 5813055999, 1072818198, 1101845661, 1351869732, 5813088641]",19,SER (R) ACH (L)
CRE020,"[827889434, 827889434, 797194962]",19,
LAL137,"[5901221584, 7112622044, 5901221584, 7112622044]",19,ACH
PAM04_a,"[612638791, 800264315, 1140996390, 484735678, 1141328881, 582139830, 800743420, 1079707882, 1418351262]",19,
SMP542,"[608261812, 608261812]",19,GLUT
OA-VUMa7,"[576825965, 576825965]",19,OCT (C)
SMP562,"[5813019560, 5813019560]",19,ACH
SMP459,"[821780859, 635860358, 5813040123, 5813040123]",18,ACH
SIP015,"[294450004, 549219101, 486812022, 548203966, 549219101]",18,GLUT
SMP537,"[358286194, 418641700, 358286194]",18,
CRE045,"[643488175, 1050581215, 613386220, 643488175, 644161860, 644161860, 1050581215]",18,
SMP346,"[5813007108, 5813092319, 5813007108]",18,
oviIN,"[485934965, 423101189]",18,GABA
SMP273,"[767903933, 829693574, 829693574, 767903933]",18,ACH
SLP389,"[5813019526, 5813019526]",18,ACH
SIP075,"[580288167, 580288167, 455819680, 455819680, 361700674]",18,
CRE074,"[508689623, 508689623]",18,GLUT
SMP279_a,"[728667734, 670353384, 728667734]",18,
SIP003_a,"[607894716, 577205270, 546507208]",18,
CL179,"[356913605, 356913605, 1008093358]",18,GLUT
SIP020,"[5812997319, 1628135911, 5812997319, 737607638, 1628135911, 5812989469, 737607426, 737607638]",18,
SMP136,"[360673271, 360673271, 359292188, 359292188, 546325197, 423563311, 546325197]",18,
SMP186,"[329970706, 329970706, 5813020803, 5813020803]",18,ACH
SMP588,"[642046803, 638040562, 1173029301, 638040562, 642046803, 1173029301, 5813071068, 5813071068]",17,DA (R) GLUT (L)
SMP246,"[544706811, 544706811, 608278754]",17,ACH
MBON32,"[643847447, 642732835, 643847447, 642732835]",17,GABA (L)
FB1C,"[579268807, 579268807, 5813055913]",17,SER (L) DA (R)
CRE105,"[328601956, 859735285, 328601956]",17,ACH
SIP004,"[453087379, 453087379]",17,ACH
SLP330,"[451995306, 484735637, 484735637]",17,
SMP391,"[673085574, 704548608, 704548608, 673085574]",17,
SMP316_b,"[701742479, 639659397, 701742479, 639659397]",17,
SMP016_a,"[674760695, 5813053669, 674760695, 761044410]",17,
SMP455,"[673758836, 5813053688, 673758836, 5813053688]",17,ACH
SMP127,"[393404592, 520380132, 520380132, 393404592]",17,GLUT (R)
aIPg2,"[5813022814, 676479156, 676479156, 1882009576, 645456880, 645456880, 5813022814, 5813035694]",17,ACH
FB6P,"[5813088939, 915605943, 915605943, 5813088939]",17,
SMP150,"[580300616, 580300616, 5901193890, 5901193890]",17,GLUT
CRE029_b,"[612742165, 861005020, 612742165, 675187558, 644152981, 675187558]",17,
CRE031,"[5813033033, 675144948, 5813080769, 644148647, 5813033033]",17,
SMP012,"[326817334, 326817334, 486880919, 486880919]",17,
CL194,"[388280249, 418970095, 388280610]",17,
SMP220,"[5813088412, 5813088412, 481427934, 514859045, 481427934]",16,
CRE064,"[5812981240, 737512824, 5812981240, 799583417]",16,
SMP048,"[488922181, 581746661, 488922181, 581746661]",16,ACH
CRE014,"[854883067, 892398461, 894380152, 892398461, 854883067, 894380152]",16,ACH
SMP164,"[611693656, 673518025, 673518025, 611693656]",16,GABA
SMP069,"[544270890, 544270890, 640691209, 5813134294, 611029037, 640691209]",16,
SMP358,"[5812982052, 607251100, 5813108129, 607251100, 5812982052]",16,
FB5B,"[548571023, 487523851, 977335062, 1070797450, 548571023, 581121058, 977335062, 549744594]",16,GLUT
LHAD1b2_b,"[573683438, 5813022459, 483017681, 5813022459, 483017681, 573683438]",16,
PS004,"[1286362826, 675148961, 1286362826, 1440804168, 1718114551, 737607614, 1440804168, 1687032976, 1718114551]",16,GLUT
FS1A,"[1102804327, 1195891557, 5813022923, 885257938, 915273417, 1138026774, 1165305889, 951808062, 977697611, 1014461486, 1044800536]",16,ACH
CL265,"[5813022976, 5813022976, 520617773, 520617773]",16,ACH
CRE087,"[548575149, 548575149, 517682957]",16,
SMP176,"[611015907, 643156727, 611015907, 643156727]",16,ACH
SMP399,"[330998090, 328270395, 328270395, 330998090, 329988112, 329988112]",16,ACH
SIP023,"[642387775, 642387775]",16,
CL244,"[514708179, 514708179]",16,ACH
CRE108,"[667266529, 667266529]",16,ACH
SMP140,"[612742137, 5813022343, 5813022343]",16,
SLP246,"[638152829, 673418040, 638152829, 673418040]",16,ACH
SMP218,"[357940977, 357940977]",15,
AOTU015,"[1509957347, 1324762843]",15,ACH
SMP098_b,"[609677179, 453794660, 453794660, 609677179]",15,
ATL008,"[5813068575, 5813068575, 607592906, 607592906]",15,GLUT
SLP129_c,"[583015749, 581652283, 575426742, 482417237, 583015749]",15,
SMP269,"[5813009595, 5813009595]",15,ACH
SMP189,"[544158940, 544158940]",15,ACH
SMP116,"[582101022, 5813134052, 582101022, 5813134052]",15,ACH
PS129,"[883177120, 883177120]",15,ACH
AVLP316,"[800233950, 675822559]",15,ACH
SMP145,"[577554935, 577554935, 484130600, 484130600]",15,
PPL103,"[1048172314, 5813022424, 1048172314]",15,DA
SMP419,"[640596169, 640596169]",15,GLUT
FB5C,"[5812983636, 486842208, 5812983636]",15,GLUT
SMP441,"[543441466, 543441466]",15,GLUT
PPL201,"[328533761, 328533761]",15,DA
SMP593,"[518925962, 549282467, 549282467]",15,GABA
CRE085,"[769355285, 800588608, 863815503, 769355285, 800588608]",14,
SLP135,"[358890923, 390280026, 390280026]",14,
SMP252,"[5813020673, 5813020673]",14,ACH
SMP549,"[455229034, 329566197, 455229034, 329566197]",14,ACH
CRE050,"[642702809, 642702809, 425104178]",14,GLUT
SMP499,"[296509709, 296509709, 326547252, 295849410]",14,
SIP016,"[578893446, 518183562, 579596940]",14,GLUT
PLP123,"[5813021899, 5813021899]",14,ACH
FB5J,"[1102514975, 766863785, 766863785, 1102514975]",14,GLUT (R) SER (L) GLUT (L)
CRE037,"[862787861, 1202704262, 862787861]",14,
MBON15-like,[457175171],14,ACH
SMP408_b,"[5812980147, 298254474, 5812980147, 298254474]",14,
SMP063,"[582381054, 730454511, 730454511]",14,
SLP392,"[326474963, 326474963]",14,ACH
CL162,"[758955666, 758955666]",14,ACH
SMP056,"[5813012637, 613420343, 613420343]",14,ACH
CRE080,"[829050526, 829050526]",14,ACH
SMP213,"[644417091, 801279493, 801279493, 705816818, 644417091]",14,GLUT
mALB2,"[642723975, 642723975]",14,GABA
FB2L,"[516322115, 5813011125, 516322115]",13,
SMP530,"[389657555, 389657555, 5813026613]",13,
SMP121,"[423792217, 5901195945, 423792217, 5901195945]",13,
FB6Y,"[454089465, 454939928, 454089465]",13,
CL172,"[387227028, 325839288, 325839288, 387227028]",13,
CRE003_b,"[794462286, 730687491, 5812980915]",13,
SMP128,[5812980079],13,GLUT
AOTU035,"[642720054, 5813078621, 5813078621, 642720054]",13,GLUT
LHPD2a5_a,"[263674097, 264014957, 264014957, 263674097]",13,
SMP279_c,"[698224251, 760323253, 698224251]",13,
LNd,"[5813056917, 5813056917, 5813021192, 5813021192]",13,GLUT (L) ACH (L) GLUT (R) ACH (R)
SMP559,"[328939480, 298603633, 328939480, 298603633, 298262599, 298262599]",13,
SMP129,"[641126853, 608283432, 608283432]",13,
SMP019,"[669666822, 704111734, 669666822, 704111734, 734473582, 734473582]",13,ACH
SMP604,"[579648510, 5813047425, 5813047425]",13,GLUT
SMP332,"[637621553, 637621553, 700377995, 700377995]",13,
PAM08_b,"[1110307501, 924429714, 1141350537, 798356481, 1110307501, 1140737968, 1141350537]",13,
SLP013,"[5901201909, 5901201909]",13,
SMP215,"[358613806, 362369976, 5813098374]",13,GLUT
CL198_b,"[5813083359, 387939267, 5813083359]",13,
SMP085,"[425148091, 484829654, 485171425, 393776005, 484829654, 485171425, 393776005]",13,GLUT
SMP474,"[1455438367, 1175433492, 1455438367, 1019357327, 1019357327]",13,GLUT
SMP084,"[297917363, 331774819, 297925608, 297925608, 392130578]",13,GLUT
CL161,"[511025402, 511025402]",13,ACH
CRE005,"[551751981, 644450565, 5813058320, 551751981, 644450565]",13,ACH
SMP371,"[514475106, 451365099, 514958793, 794277305, 514475106, 451365099]",13,GLUT
CRE019,"[5813090556, 5813090556]",12,
CL044,"[824470535, 551341782, 824470535, 551341782]",12,
VES041,"[1325138112, 1534270924, 1325138112]",12,GABA
FB5AA,"[5813060701, 5813060701, 1039400328]",12,
SMP321,"[605550395, 605550395, 732777416, 732777416]",12,
SMP564,"[549269622, 328244591, 328244591, 549269622]",12,
SMP557,"[707854620, 707854620, 796755936]",12,
SMP118,"[551303686, 580780309, 580780309, 551303686]",12,
SMP231,"[390706983, 359326764, 359326764, 390706983]",12,
SMP330,"[703779386, 703779386]",12,
PAM08_c,"[1140655624, 1172031461, 580317662, 735134301, 5813069977, 580317662, 735134301, 1140738351, 1172031461]",12,
FB5H,"[486315287, 362715189, 486315287, 362715189]",12,
SMP429,"[790741674, 821444004, 821444004]",12,ACH
SMP037,"[488231898, 704552421, 704552421]",12,GLUT
CRE041,"[673863199, 1081957306, 1081957306, 673863199]",12,GABA
SMP114,"[550081666, 550081666, 517872280, 517872280]",12,GLUT
SLP150,"[329578247, 329578247]",12,ACH
SMP147,"[390486371, 328935472, 390486371]",12,GABA
pC1b,"[392821837, 267214250, 392821837]",12,ACH
SMP521,"[637008792, 637008792]",12,ACH
CRE034,"[769268002, 643773259, 769268002]",12,GLUT
CL138,"[707190304, 707190304]",11,ACH
SMP211,"[731689147, 892997744, 892997744, 355086967, 731689147]",11,
SMP013,"[5813070569, 5813070569]",11,ACH
CRE043_a,"[892385258, 5901218930, 829697614, 829697614]",11,
SIP053,"[5901197108, 5901197108, 611663250, 643679015]",11,ACH
SMP278,"[673090000, 673090000]",11,
CL273,"[5901118375, 946722969]",11,ACH
SMP152,"[455155337, 455155337]",11,ACH
CL042,"[549943673, 549943673]",11,
NPFL1-I,"[5813069630, 5813069630]",11,SER
SMP374,"[5813021238, 5813056881, 5813021238, 5813056881]",11,GLUT
AVLP496,"[1013636956, 1073314797, 5813097634, 5813097634, 5812982994, 1013636956, 1073314797]",11,ACH
PAM05,"[549610772, 5812983399, 1170404875, 1171690479, 517207902]",11,DA
SMP408,"[545971650, 545971748, 545967423, 545971748]",11,ACH
SMP408_c,"[329301762, 5813011486, 329301762, 359317340]",11,
LHPD5b1,"[327933008, 327933008]",11,ACH
LAL134,"[5813078571, 5813078571, 1598011458, 1598011458]",11,
SMP430,[389976940],10,
SMP060,"[360310976, 360310976, 5813009358, 5813009358]",10,GLUT
CRE083,"[423749262, 424582092]",10,
SMP423,"[670703141, 670703141]",10,ACH
SMP563,"[297217528, 5901196319, 297217528]",10,
LHAD1b2_a,"[769199010, 824349873, 544107335, 606461310, 673426956, 769199010, 5813013202]",10,
CRE059,"[706862579, 1015570297, 5813022759, 1015570297]",10,ACH
SMP157,"[421041565, 421041565, 485589846]",10,ACH
FB4F_a,"[832016427, 1293896697, 611814312, 1051980223, 5812983883]",10,
CL181,[481034861],10,
SMP411,"[487541595, 487541595, 420696828]",10,
SIP059,"[481295335, 481295335]",10,ACH
SMP384,"[548712377, 5813020996, 5813020996, 548712377]",10,DA
SMP258,"[517885151, 425462513, 425462513, 517885151]",10,ACH
SMP151,"[578254032, 610321522, 578254032, 610321522]",10,GABA
LHPD2a4_a,"[449205611, 417834021, 449205611]",10,
FB5I,"[423770604, 5813047616, 423770604]",10,GLUT
SMP555,"[613394707, 613394707]",10,ACH
SMP130,"[548691397, 392057736, 392057736, 548691397]",10,
M_l2PNm14,[1723506321],10,ACH
SLP442,"[485745069, 485745069]",10,ACH
FB2G_b,"[1168283924, 1168283924, 452401246, 391155063, 1200070420]",10,
SMP533,"[449288517, 449288517]",10,GLUT
SMP322,"[704453006, 5813124162, 704453006]",10,
SMP107,"[486444857, 5813009554, 486444857, 5813009554, 5813092990]",10,GLUT
SIP013,"[609591640, 5813104563]",10,
LAL005,"[1572520204, 5901201676, 1572520204, 5901201676]",10,
AstA1,"[362473525, 5813069859, 5813069859]",9,GABA
SMP581,"[697265869, 697265869, 607938091]",9,
SMP448,"[388280322, 639957655]",9,GLUT
SMP036,"[420723066, 420723066, 609052312, 609052312]",9,GLUT
CL038,"[675490252, 737262193, 675490252, 829542849]",9,GLUT
LHPD2c6,"[947858895, 790982851, 790982851]",9,
CRE065,"[5813134055, 985805061, 893723183, 893723183, 5813134055]",9,ACH
SLP008,"[359926787, 360263797]",9,
CRE008,"[1047676850, 736830579]",9,GLUT (L)
SMP241,"[758296423, 758296423]",9,ACH
SMP053,"[5813032847, 5813032847, 550750102]",9,ACH
SMP097_b,"[423792440, 518930220]",9,
SMP075,"[613044611, 581336531, 613044611, 581336531]",9,GLUT
SMP102,"[423096943, 360759031, 360759031]",9,GLUT
SMP349,"[266187477, 266187480, 5813064828]",9,
CRE026,"[612746670, 5813040190, 612746670, 5813040190]",9,
SMP334,"[360254108, 360254108]",9,ACH
CRE088,"[671657343, 671657343, 672524871, 762698149]",9,
FB6U,"[298944444, 422877762, 977002744]",9,
FB5W,"[922069357, 1070111661, 1132530992, 5813053851, 766937594, 1132530992]",9,GLUT (R) SER (L)
AVLP477,"[769263962, 769263962, 800373114, 800373114]",9,ACH
FB5AB,"[5813047763, 5813047763]",9,ACH
SMP546,"[5813058222, 765245188]",8,ACH
CRE048,"[5813019850, 5813019850]",8,GLUT 
SMP194,[613338546],8,
SLP422,"[5901221890, 5813008934, 5901221890]",8,
FB7I,"[236330337, 884921013, 884921013]",8,
SMP135,"[486518323, 546661830, 546661830]",8,GLUT
SMP183,[511349908],8,ACH
FB1H,"[5813062858, 519046655, 519046655, 5813062858]",8,DA
CL205,[1010713883],8,ACH
LHCENT8,"[511271574, 360284300, 360284300, 511271574]",8,GABA
FB2K,"[5813058333, 921814579, 921814579, 5813058333]",8,
FB4N,"[673746277, 673746277, 5813058422]",8,GLUT
SMP568_c,"[736109737, 862697175, 862697175, 736109737]",8,
CRE015,[858604499],8,ACH
SMP067,"[514837265, 577002771, 611771101, 945894581]",8,GLUT
VES076,"[1283872218, 1283872218]",8,ACH
SMP457,"[452742028, 452742028]",8,ACH
SMP062,"[516875221, 515251693, 516875221]",8,
SMP159,"[575768294, 575768294]",8,GLUT
SMP057,"[670810688, 607925257, 607925257, 767615925, 763116811, 767615925]",8,GLUT
LAL114,"[952374245, 952374245]",8,ACH
CL145,"[791371842, 853428443, 853428443]",8,
CRE033,"[675187509, 675187509, 551043841]",8,
PAM11,"[482762280, 456846996, 766298734, 1231299343, 5812983533, 456846996, 1231299343]",8,DA
PPL106,"[331662710, 331662710, 5813019607]",8,DA
CL031,"[821703262, 821703262]",8,GLUT
CRE096,"[736507123, 736507123, 891111303]",8,
PAM02,"[1233505806, 5813040941, 1140655376, 1171690432, 1295501882, 5813098776]",8,DA
SIP054,"[359240396, 359240396]",8,
SMP336,"[299617529, 299617529]",8,GLUT
CL343,"[5813014771, 1136852640, 5813014771]",8,
SIP032,"[355077858, 355077858]",8,ACH
OA-VUMa6,"[736860990, 736860990]",8,OCT (C)
SMP268,"[950591319, 669675454, 669675454]",8,
SMP594,"[976934253, 947743009, 976934253]",8,GABA
MBON21,"[5813022896, 985813153]",8,ACH
SLP010,"[330260421, 330260421]",8,
SMP348,"[298591130, 298591130, 5813039910]",8,
CL010,"[479908320, 479908320]",8,GLUT
CL152,"[541723810, 541723810]",7,GLUT
PAL01,"[485511772, 5813055817, 5813055817]",7,DA
SMP097_a,"[581690438, 425143700, 425143700]",7,
PAM01_b,"[456174330, 612440702, 5812982779, 456174330, 925799233, 1233492573, 5812979172]",7,
SIP055,"[730001920, 546080131, 546080131]",7,ACH
SIP076,"[298931489, 297921808, 299954300, 299958695]",7,ACH
SMP086,"[298616588, 5813019517, 299621755, 5813019517]",7,
CL040,"[643376222, 643376222, 916038365]",7,
ATL038,"[696950427, 696950427]",7,ACH
CL247,"[5813021574, 5813021574, 694299183]",7,GABA
SMP061,"[512441111, 610415691]",7,GLUT
ATL018,"[727968539, 455483094, 577697202, 727968539]",7,GLUT (L & R) SER (L) ACH (L&R)
CRE049,"[613040803, 613040803]",7,ACH
CL362,"[732034854, 732034854]",7,ACH
CRE091,"[794967711, 794967711, 734408687, 734408687]",7,
SMP403,"[639008013, 606340818, 636344136, 639008013]",7,
SMP560,"[296859399, 1009578838, 296859399, 1009578838]",7,
IB011,"[643398197, 5813056423, 643398197, 5813056423]",7,GABA
DNp32,"[5813050455, 5813050455]",7,DA
LHPD5a1,"[514068564, 514068564]",7,GLUT
SMP185,"[5813055749, 606703149, 5813055749, 606703149]",7,ACH
SMP517,"[452771533, 453436589, 453436589]",7,ACH
FS3,"[1072779568, 1010044978, 1135984965, 1167235473, 5813016320]",7,ACH
SMP547,"[855638407, 708545526, 855638407]",7,ACH
SMP131,"[420688241, 420688241, 546661879, 546661879]",7,
FB6W,"[1071121755, 1071121755, 549385850]",7,
SLP439,[5813020785],7,ACH
CRE036,"[644148705, 612742298, 612742316, 644148661, 644148705]",6,
SMP578,"[674781866, 642720190, 922992588]",6,GABA
SMP573,[635890732],6,ACH
CL009,"[5812980494, 5812980494]",6,GLUT
SIP024,"[708187441, 893338771, 5813058272]",6,ACH
SMP460,"[727260872, 727260872, 820856412]",6,ACH
FB6V,[915960293],6,GLUT
SMP544,"[5813087891, 5813080768]",6,GABA
ATL037,"[5813061114, 5813057033]",6,ACH
SMP467,"[5813055759, 604194925, 604194925]",6,
SMP104,"[551302781, 551302781]",6,GLUT
SIP056,[5812981840],6,
SMP476,"[642694410, 642694410]",6,ACH
FB7F,"[299078990, 298927224, 299078990]",6,GLUT
LAL008,"[1170352367, 1605181883]",6,GLUT
PS163,"[1158402729, 1158402729]",6,GABA
CL178,"[512411244, 512411244]",6,
SMP502,"[761489398, 761489398, 824115747]",6,GLUT
SMP103,"[361312146, 392325925, 361312146, 579014562, 613822435]",6,GLUT
VES045,"[1877667406, 988632865]",6,GABA
CL045,"[551004984, 857235574, 913810052, 857235574]",6,
SMP444,"[510680365, 510680365]",6,GLUT
AVLP562,"[5812983831, 1450016008, 1450016008]",6,ACH
FB2A,"[1224595273, 1224941044, 1224595273]",6,DA
LHPV10d1,"[423748579, 725701350]",6,ACH
AVLP491,"[5813026703, 5813026703]",6,ACH
OA-ASM1,"[730709173, 730709173, 5813022826, 5813049966]",6,
OA-VPM3,"[329566174, 329566174, 5813061260, 5813061260]",6,OCT
SMP407,"[5813130028, 5813130028]",6,ACH
CRE075,"[448342846, 448342846]",6,GLUT
SMP408_a,"[299298381, 298927362, 299298381]",6,
CL328,"[729007932, 884498779, 1481336075]",6,ACH
CL043,"[488931037, 488931037, 609281007]",6,
SMP586,[484821546],6,ACH
LHCENT3,[487144598],6,GABA
PLP028,"[974456295, 5813015110]",6,GABA
SMP033,[450354788],5,GLUT
SIFa,"[699031185, 699031185, 1418618235, 5813062866]",5,DA
SMP233,[297584752],5,
CRE006,"[736174181, 5813082723, 736174181]",5,GLUT
IB027,"[728260915, 817044778]",5,
PS207,[1253230203],5,
SLP245,"[644408508, 609513630]",5,ACH
LHPD2c2,"[418516266, 703702863, 418516266, 674096140]",5,
SIP042_b,"[549257678, 643691163, 549257678]",5,
CRE004,"[5813068769, 5813068769]",5,ACH
SMP529,"[386833850, 386833850]",5,ACH
mALD1,"[544038123, 1543535599, 544038123]",5,GABA
FC1C,"[5812989861, 1069762072, 1129772186, 1311487571, 5812989861]",5,ACH
SIP042_a,"[611323310, 823015627, 823015627]",5,
ATL001,"[665479890, 665479890]",5,GLUT
LAL004,"[894362173, 894362173]",5,ACH
CL019_b,"[543023799, 5812981249, 543023799]",5,
CRE063,"[672002621, 640617445, 672002621]",5,
DNp27,"[1072063538, 1072063538, 5813020347]",5,SER
CRE090,"[982540894, 889993487]",5,
FB6S,"[424577375, 329772284, 330661573]",5,GLUT
SMP039,"[672407642, 701733434]",5,DA
SMP043,"[484355328, 484355328, 609893831, 609893831]",5,GLUT
CL261,"[924788221, 924788221, 5813016958, 5813016958]",5,ACH
CRE092,"[800618162, 800618162, 764412104]",5,
MBON25,"[612742248, 612422902]",5,GLUT
CRE043_c,"[797981213, 5813027737, 797981213]",5,
SMP392,"[669421910, 643389529, 643389529]",5,ACH
AVLP428,"[919168397, 919168397]",5,GLUT
PPL101,"[1196854070, 393766777, 393766777, 1196854070]",5,DA
SIP021,"[5813058008, 768253675, 768301292, 768301292]",5,
LHCENT4,"[517506265, 517506265]",5,GLUT
SMP337,[5813020696],5,GLUT
FB4K,"[987877232, 923787513, 923809011]",5,GLUT (L) SER (R)
PS114,"[852479643, 917691380]",5,ACH
CL165,"[543135607, 543135607]",5,
SMP597,"[822428009, 822428009]",5,ACH
CL041,"[549611256, 545872467, 545872467]",5,
LAL200,[956518968],5,ACH
CL215,"[1629050586, 1259309269, 1503552296, 1503552296]",5,ACH
FB2M,"[1255630284, 1255630284, 1255630350]",5,
CL279,"[800579638, 800579638, 981333558]",5,
LAL042,"[1543138040, 958197533]",5,GLUT
SMP068,"[551410783, 673772212, 583127938, 856886459]",5,GLUT
PS002,"[5813022591, 675835107, 5813058342]",5,GABA
CRE052,"[612703762, 643739027, 612703762, 674100160, 736173896]",5,
mAL1,"[1142002856, 5813089487, 390616496, 452694446]",5,
FB4M,"[1131827390, 1289359184, 1131827390]",5,DA
LAL030_b,"[825822254, 824128501, 824128501]",5,
SMP087,"[298250090, 330661786, 298250090, 298586553, 330661786]",5,
SMP412,"[514116545, 514116545]",5,
CRE097,"[767313008, 1160807120, 767313008]",5,
SMP175,"[5813055949, 485249150, 485249150, 5813055949]",5,ACH
SMP370,[701371011],5,GLUT
SMP093,"[488231939, 581409749, 580732377]",5,GLUT
SMP438,"[5813010801, 698646654, 5813010801]",4,
SMP193,"[360349882, 328956505, 487899426]",4,ACH
ATL040,[764131610],4,GLUT
ATL017,"[455141922, 607373222]",4,GLUT (L) SER (L) GLUT (R) ACH (R) ACH (L)
CL008,"[5812980473, 5812980473]",4,GLUT
SMP424,"[386877197, 386877197]",4,GLUT
VES047,[1787636059],4,GLUT
SMP561,"[5813015068, 5813015068]",4,ACH
SMP163,[733458828],4,GABA
VES060,[739567785],4,
SMP203,"[297912117, 297912117]",4,ACH
SMP421,"[5812981016, 417558532, 5812981016]",4,ACH
SMP264,"[482421242, 518921865, 482421242, 518921865]",4,ACH
SMP271,"[635895000, 5812982324, 635895000]",4,GABA
SMP286,"[297947227, 328373131]",4,GLUT (R)
SMP171,[5812980742],4,ACH
ATL015,"[5813078068, 5813078068]",4,ACH
CL030,"[699358695, 708208811, 761144013, 791505612]",4, GLUT
5-HTPMPV01,[541697718],4,SER (L)
CL166,"[790417660, 852763122]",4,ACH
SLP435,[5813020812],4,GLUT (R)
CRE107,"[550426732, 518558825]",4,GLUT (R)
SMP015,"[644433538, 644433538]",4,ACH
CL235,"[789726348, 914846465, 5813048127, 5813016506]",4,GLUT
SMP010,[5813011298],4,GLUT
PS167,[946339109],4,ACH
LHMB1,"[5813020988, 5813020988]",4,GLUT
SLP451,"[549161688, 549158040, 549161688]",4,ACH
SIP002,"[5813078739, 731357364]",4,
LHCENT11,[639585968],4,ACH
FB5A,"[614081151, 707539688, 797989902]",4,GABA
SMP031,"[517838849, 579230376, 517838849, 579230376]",4,ACH
FB5M,[1132846376],4,GLUT (R) GLUT (L) SER (L)
LHAD1b6_a,"[452336897, 452336897, 512765816]",4,
LAL161,"[1465630554, 1465630554, 1669255212]",4,ACH
FB6H,"[5813020684, 915960391, 5813020684]",4,GLUT
SIP074,[642651049],4,
SLP329,"[518598175, 518598175]",4,
PAM06_a,"[1016839809, 798693540, 1170348225, 5813127030]",4,
IB013,[1191315642],4,GABA
SLP014,"[299268507, 299268507]",4,
CRE102,"[5813061258, 5813021046]",4,GLUT
FB4F_b,"[1132526832, 5813022809]",4,
CL199,"[819725372, 819725372, 882580620]",4,ACH
SMP034,[5813039860],4,GLUT
PAM15_b,"[5812979156, 1233436479, 5813027518]",4,
OA-ASM2,[917643796],4,DA
CL173,[325839302],4,
PPL104,"[517514142, 5813019976]",4,DA
PLP210,[511685969],4,SER
CRE066,"[760690116, 917919724, 1046506683, 760690116]",4,ACH
SMP105_b,[518920893],4,
AVLP563,"[5813057461, 735470654]",3,ACH
PAM08_e,"[582355376, 1141324564]",3,
LAL129,[1144761556],3,ACH
LAL100,"[5813105778, 984536209]",3,GABA
SMP277,"[760733959, 732086360]",3,
LAL079,"[5813079425, 5813079425]",3,
SIP087,"[487187476, 5812980746]",3,DA
LHPV8a1,"[480258208, 480258208]",3,ACH
SMP267,"[670370149, 670370149]",3,
LAL014,[1262360335],3,ACH
CL025,"[666200256, 666200256]",3,GLUT
SMP475,"[5812983281, 793797279]",3,
LAL011,[1419909152],3,ACH
SMP256,[483720758],3,ACH
SMP255,[515947324],3,ACH
MBON34,"[1173814525, 5813033000]",3,GLUT
SLP021,[422388958],3,
SIP052,[608628936],3,GLUT
CL003,[549175510],3,GLUT
SIP049,"[449209971, 642693620]",3,
PVLP114,[5813079288],3,ACH
LHPV5a2,[573670049],3,
SMP342,"[543092817, 543092817]",3,GLUT
AVLP470,[5813067732],3,ACH
MBON01,"[612371421, 673509195, 673509195]",3,GLUT
SMP400,"[5901215966, 5901215966]",3,
PS199,[1226206190],3,ACH
SMP326,"[642378701, 672041363, 734901302]",3,
IB064,[1502870544],3,ACH
LHCENT9,"[330268940, 330268940]",3,GABA
PAM09,"[5813075824, 299613480, 735282133]",3,DA
SMP350,"[266873591, 296199026, 327937494]",3,
SMP352,"[296194535, 266528086]",3,
SMP354,"[390003153, 5813010748]",3,
SIP029,"[5813049380, 608241077]",3,ACH
LHAD1c1_a,[729867599],3,ACH
LHAD1b6_b,"[451995734, 611352588]",3,
PLP042_b,"[1099255933, 1014228051, 1076626718]",3,
LHPV5g1_b,[700982749],3,
CRE018,"[550621853, 705462899, 705462899]",3,
PAM04_b,[453380528],3,
SMP506,[733873446],3,
SMP217,"[696846594, 602645152]",3,
CRE086,"[769924974, 895091952, 1298985697]",3,
SMP201,"[5813064332, 5813064332]",3,GLUT
SMP552,"[605166418, 605166418]",3,GLUT
AOTU042,"[861251506, 1137590955]",3,GABA
CL157,"[733192083, 702760942, 733192083]",3,ACH
SMP161,"[388638672, 388638672]",3,GLUT
CRE070,[675136878],3,ACH
SMP210,"[510278853, 675119034, 510278853]",3,GLUT
SMP070,[701055731],3,
SMP072,"[884484964, 613813102]",3,
FB7L,[885262311],3,GLUT
CL193,[450005014],3,
SLP356,"[637475264, 637475264]",3,ACH
FB4L,[1225640135],3,SER GLUT (L)
FB2D,"[1075827302, 734801540, 1168733095]",3,ACH 
CRE021,"[767904550, 5813082722, 5813082722]",3,GABA
SLP457,"[792692885, 792692885]",3,DA
CRE046,[829636950],3,
SMP190,"[5813020817, 5813020817]",3,ACH
SMP587,[5813021566],3,
CRE051,"[673085197, 581678043]",3,GABA (L) GLUT (L)
SMP528,"[5901197274, 603482385, 5901197274]",3,GLUT
CRE032,[613083375],3,
SMP518,"[391034580, 391034580]",3,ACH
ATL002,"[669977676, 669977676]",3,GLUT
AOTU016,"[673763861, 673763861]",3,ACH
LHPD2a6,[704078253],2,
SMP396,[792537736],2,
SMP398,[5813021498],2,
LHPD2c3,"[794088227, 5813013630]",2,
CRE104,[1050249353],2,ACH
LHPV9b1,[602476655],2,GLUT
CRE038,"[770952011, 5813022419]",2,
FB3C,[1162862472],2,
LHPV4m1,[518899665],2,ACH
CRE079,[766505428],2,GLUT
SMP390,[5813075692],2,ACH
CRE082,"[454787848, 767321428]",2,ACH
CRE081,[1017547830],2,ACH
SMP406,"[298258354, 298603693]",2,ACH
MBON03,[487925037],2,GLUT
aMe24,"[5813011660, 574965048]",2,GLUT
aSP-f1B,[5813055904],2,ACH
CL339,"[1155263986, 1155263986]",2,ACH
AVLP495,[1204063702],2,
MBON31,[894020730],2,GABA
CRE056,"[952723817, 952724101]",2,
CRE047,[864156049],2,
SMP378,[5813057933],2,
M_l2PNl20,"[1671638278, 1671638278]",2,ACH
AOTU004,[894707517],2,
CL167,"[821728921, 1134140939]",2,
SMP410,[5813021564],2,
LHPD2a3,[735772860],2,
SMP483,[327246381],2,
ATL039,"[727276708, 727276708]",2,ACH
LAL038,[795814655],2,
SMP465,"[392735903, 392735903]",2,
SMP466,"[297541369, 358286442]",2,
FB8C,[948363764],2,GLUT
SMP531,"[390590450, 543934429]",2,GLUT
SMP482,"[455172836, 636667489]",2,ACH
ATL007,"[730013818, 730013818]",2,
FB6N,"[860305498, 889414782]",2,
SMP510,[579194975],2,ACH
SMP486_f,[327933208],2,
ATL027,[1020608279],2,ACH. 
SMP491,[637393228],2,"ACH, GLUT"
IB057,[1100085251],2,
IB079,[1068436695],2,
IB074,"[1190763066, 1511016097]",2,ACH
FB6O,[978366493],2,GLUT
FB6K,[947685488],2,GLUT
SMP571,"[1019556103, 1019556103]",2,
FB4X,[548907426],2,GLUT
SMP570,[892376241],2,ACH
LHCENT14,[610601810],2,GLUT
SMP569,[766385551],2,ACH
SMP501,"[547927681, 580745387]",2,GLUT
LHAV9a1_b,[642660081],2,
LHAD1c1_b,"[705139000, 705139000]",2,
SMP568_a,"[924737391, 734754585]",2,ACH
SMP416,[670024927],2,ACH
SMP446,[925465972],2,GLUT
SMP418,[5813056041],2,GLUT
FB5N,[1008024276],2,GLUT
LHAD1b2_d,[544107243],2,
LAL175,"[983767417, 5813035477]",2,ACH
LAL160,"[1049247113, 1600489166]",2,ACH
LAL155,"[863698974, 925241334]",2,ACH
SMP445,[637224582],2,GLUT
SMP486_d,[5813008911],2,
CL225,[976730002],2,
SIP046,[5901203987],2,GLUT
SMP064,[732159588],2,
SIP019,[362041442],2,ACH
SMP023,"[579239039, 578919867]",2,
SMP173,[546765551],2,ACH
SIP033,[739213376],2,GLUT
SIP034,[729677428],2,GLUT
CL236,[736433303],2,ACH
SIP043,"[448536695, 643005055]",2,
SLP218,[299043307],2,
SMP279_b,"[760397191, 760397191]",2,
SIP061,"[704785546, 5812980103]",2,ACH
CL108,[1011996877],2,ACH
CL258,[5901208549],2,ACH
SIP068,"[297563270, 297563270]",2,
SIP070,"[487191620, 5812980514]",2,
SIP072,[485132675],2,
SLP402,"[480664837, 5813105726]",2,GLUT
SLP390,"[5813049907, 5813049907]",2,ACH
SLP388,"[297917459, 298258611]",2,ACH
CL039,"[613756712, 613756712]",2,
SLP099,[5812980732],2,
SLP279,"[360591860, 360591860]",2,GLUT
SLP129_b,"[392645419, 5813021223]",2,
SLP259,[5813009445],2,GLUT
SLP213,[516806504],2,ACH
SMP224,[421054850],2,
CL158,[5813041707],2,ACH
SLP242,[637540087],2,ACH
PS143,[1748666238],2,
CL168,"[914850280, 5812982965]",2,ACH
SMP110,[5813014391],2,
PAM10,"[328253133, 454252960]",2,DA
SMP338,[297921570],2,
PLP245,"[675153151, 675490204]",2,ACH
SMP076,"[296139882, 5813104761]",2,GABA
PPL105,"[5813019513, 5813019513]",2,DA
PAM08_a,"[1142356576, 5813057947]",2,DA
FB4O,[922146751],1,GLUT
CL098,[603444300],1,ACH
AOTU020,[1050922195],1,GABA
SLP408,[298948785],1,
FB6E,[422876942],1,
SLP411,[329301513],1,GLUT
FB6C_b,[5813019588],1,
SLP412,[511353266],1,GLUT
CL060,[922302296],1,GLUT
SMP565,[5813010212],1,
SMP195_b,[456156825],1,
SMP558,[739917109],1,ACH
FB5L,[5813022949],1,GLUT
FB5K,[5812980666],1,GLUT
FB6F,[513788774],1,GLUT
SLP433,[360268385],1,
SMP195_a,[486496648],1,
VES075,[1785931916],1,ACH
AOTU008_a,[986098785],1,ACH
AOTU064,[1038070642],1,GABA
FC1E,[1135941181],1,ACH
IB009,[763220810],1,GABA
ALIN3,[735091236],1,ACH
SMP519,[420386244],1,ACH
IB006,[793815358],1,GABA
FS1B,[977002560],1,ACH
SMP525,[5813035328],1,ACH
SMP219,[5813055790],1,
CRE043_d,[799263200],1,GABA
FB8F_b,[297166053],1,GLUT
SLP450,[361955066],1,ACH
CL275,[1448868137],1,
FB8F_a,[328930845],1,GLUT
pC1a,[5813046951],1,ACH
SLP376,[298254384],1,GLUT
SMP209,[5813078487],1,
CL177,[1038407667],1,GLUT
AOTU007,[769195048],1,ACH
FB6L,[1043842362],1,
FB4J,[1109599486],1,"SER, GLUT"
SMP568_b,[5812980109],1,ACH
SMP105_a,[361636071],1,GLUT
CL143,[853437941],1,GLUT
DNa08,[1539309006],1,ACH
CL217,[917727045],1,
CRE068,[1047887562],1,
CRE106,[986918760],1,ACH
AOTU011,[956398176],1,GLUT
CL147,[5813096913],1,
VES082,[1785926866],1,ACH
SMP600,[5813060768],1,ACH
VES078,[5813020382],1,ACH
CRE094,[612643681],1,ACH
VCH,[5813024201],1,GABA
VES019,[1720088459],1,GABA
SMP026,[298599271],1,ACH
CL213,[1134482718],1,ACH
CL209,[696617614],1,ACH
VES053,[5813022567],1,ACH
VES059,[952525648],1,ACH
CRE069,[612004584],1,ACH
CRE073,[510278421],1,GLUT
DNp49,[1039335355],1,GLUT
ExR6,[858587718],1,GLUT
CRE071,[1013066710],1,ACH
FB1G,[483245369],1,ACH
FB4I,[1163194940],1,"SER, GLUT"
SMP192,[544637659],1,ACH
SMP096,[297519815],1,GLUT
SMP091,[517902689],1,
aSP-f1A,[421318649],1,ACH
SMP572,[5813019862],1,ACH
FB4H,[5813053846],1,"SER, GLUT"
FB4G,[988567837],1,"SER, GLUT"
SMP575,[2147677469],1,
AOTU019,[799868224],1,GABA
CL249,[794225197],1,ACH
FB4B,[1106857669],1,
CL182,[418969927],1,GLUT
aMe13,[5813078557],1,ACH
FB3E,[1224591253],1,
SMP583,[578284233],1,GLUT
FB3D,[1417573898],1,
CL248,[1068449058],1,GABA
CL237,[705554385],1,ACH
SMP367,[5813047739],1,SER
SLP130,[456847100],1,ACH
SMP235,[328952123],1,GLUT
IB026,[1130152325],1,GLUT
PS258,[883500704],1,
SIP001,[729997357],1,
LHCENT5,[579912201],1,GABA
CL292,[759991385],1,ACH
SIP017,[675779986],1,GLUT
AVLP077,[1136752885],1,GABA
SIP018,[640963528],1,GLUT
LHAV9a1_a,[607195856],1,
SIP028,[425126008],1,
CL017,[544831533],1,
SMP313,[544037996],1,ACH
SMP417,[700787980],1,
SIP035,[448204394],1,
SMP288,[359066834],1,
LAL199,[1252966452],1,ACH
LAL198,[1016506999],1,ACH
LAL192,[1392440010],1,ACH
LAL190,[1201296549],1,ACH
LAL188,[1533265020],1,ACH
CRE010,[986974738],1,GLUT
LAL177,[5813053891],1,ACH
LAL176,[1051311534],1,ACH
SIP036,[517838657],1,
SMP323,[673755123],1,
SMP324,[764144161],1,
LHPD2a4_b,[449205588],1,
CL007,[479912747],1,ACH
PAM06_b,[644417074],1,DA
AVLP561,[858453703],1,ACH
PAM08_d,[1141337557],1,DA
CL316,[1043066007],1,GABA
PAM15_a,[5813096699],1,DA
MBON12,[704466265],1,ACH
MBON07,[920470959],1,GLUT
PLP162,[5813078641],1,ACH
LT84,[1100900138],1,ACH
LT33,[1818696317],1,GABA
CL313,[1135160387],1,ACH
PS255,[1099397913],1,
PS050,[1100381898],1,GABA
PS107,[1099022750],1,ACH
SMP395,[667279709],1,
CL310,[1343139850],1,ACH
SMP397,[760733648],1,
PS133,[1313261883],1,ACH
PS145,[5813027692],1,
LHPD5e1,[5812980326],1,
PS150,[1436935320],1,GLUT
PS166,[603167111],1,ACH
SMP431,[295828029],1,
SMP437,[5813011320],1,
SIP047,[391021712],1,ACH
SLP128,[361264970],1,
LAL010,[987117151],1,ACH
SMP479,[5813011471],1,ACH
SMP480,[423442357],1,
SMP481,[266191407],1,
SIP089,[643061275],1,GABA
SMP257,[452401052],1,ACH
SLP009,[5813009567],1,
SLP074,[5813055709],1,
SMP488,[5813133134],1,
LAL002,[1011611587],1,GLUT
SMP494,[451390676],1,GLUT
SIP088,[331011085],1,ACH
IB087,[1407398468],1,
SMP247,[549252548],1,
CL334,[1040328771],1,ACH
SLP159,[5813010770],1,ACH
IB062,[1223200775],1,ACH
SMP504,[424793122],1,ACH
IB061,[1254931127],1,ACH
SLP170,[673072855],1,GLUT
SLP214,[5813055862],1,GLUT
IB053,[5813049102],1,
SMP263,[607260192],1,ACH
LAL012,[5813022026],1,ACH
LAL154,[830034406],1,ACH
LAL044,[5812980916],1,ACH
LAL144,[1479622707],1,ACH
SIP051,[390641835],1,
LAL141,[1138587910],1,ACH
LAL130,[861251942],1,ACH
AVLP016,[947573616],1,GLUT
LAL128,[1448591766],1,DA
LAL115,[858906840],1,ACH
AVLP015,[676479217],1,GLUT
SIP063,[5813032709],1,
LAL045,[1325133618],1,GABA
SIP069,[643329030],1,
ATL033,[761182853],1,GLUT
LAL039,[703050435],1,
LAL037,[734088804],1,
LAL036,[5812983258],1,
LAL035,[951670988],1,ACH
SIP081,[730830911],1,ACH
LAL033,[5813090253],1,ACH*
LAL027,[5812991668],1,ACH
SMP265,[548937579],1,ACH
ATL034,[5813022259],1,GLUT
LAL013,[894702888],1,ACH
LHPD2a4_c,[5813021728],1,