,celltype, key,0.75,0.05,0.1,0.25,0.5,1.0,0.0
0,,1,1,1,1,1,1,1,1
1,5-HTPMPD01,2,2,1,1,2,2,2,1
2,5-HTPMPV01,3,3,2,2,3,3,3,2
3,5-HTPMPV03,4,4,2,3,3,4,4,2
4,ALIN3,5,5,3,4,4,5,5,3
5,AOTU003,6,6,4,5,5,6,6,4
6,AOTU004,7,7,4,6,6,7,7,4
7,AOTU007,8,8,2,7,3,8,8,2
8,AOTU008_a,9,9,2,2,3,9,9,2
9,AOTU011,10,10,2,2,3,10,10,2
10,AOTU012,11,11,2,8,7,11,11,2
11,AOTU015,12,12,2,2,3,9,12,2
12,AOTU016,13,13,4,6,8,12,13,4
13,AOTU019,14,14,4,6,8,13,14,4
14,AOTU020,15,15,4,6,3,14,15,4
15,AOTU022,16,16,5,9,9,15,16,5
16,AOTU024,17,17,2,7,10,16,17,2
17,AOTU028,18,18,4,6,3,9,18,4
18,AOTU029,19,19,4,6,8,17,19,4
19,AOTU030,20,20,3,10,11,18,20,3
20,AOTU035,21,18,2,2,3,12,21,2
21,AOTU042,22,21,4,6,8,19,22,4
22,AOTU044,23,18,2,6,3,9,21,2
23,AOTU061,24,22,2,2,3,9,23,2
24,AOTU062,25,23,2,2,12,9,24,2
25,AOTU064,26,24,2,2,3,20,25,2
26,ATL001,27,25,3,7,10,21,26,3
27,ATL002,28,26,3,7,10,22,27,3
28,ATL003,29,27,3,7,10,23,28,3
29,ATL004,30,28,6,7,13,24,29,6
30,ATL006,31,29,2,7,10,25,30,2
31,ATL007,32,30,2,7,10,26,31,2
32,ATL008,33,31,2,7,10,27,32,2
33,ATL012,34,25,3,7,10,21,26,3
34,ATL015,35,32,3,7,10,23,33,3
35,ATL017,36,33,5,7,14,28,34,5
36,ATL018,37,33,5,7,14,28,34,5
37,ATL022,38,34,2,7,10,25,35,2
38,ATL024,39,35,1,3,13,29,36,1
39,ATL027,40,36,5,9,15,30,37,5
40,ATL029,41,36,5,9,15,30,38,5
41,ATL033,42,37,5,7,10,31,39,5
42,ATL034,43,37,5,7,10,31,39,5
43,ATL035,44,38,4,6,16,32,40,4
44,ATL036,45,39,4,6,16,32,41,4
45,ATL037,46,40,5,7,10,25,42,5
46,ATL038,47,25,3,7,10,21,26,3
47,ATL039,48,25,3,7,10,21,26,3
48,ATL040,49,40,2,7,10,25,42,2
49,ATL042,50,41,2,7,10,25,43,2
50,ATL044,51,42,4,7,10,33,44,4
51,AVLP015,52,43,4,6,17,34,45,4
52,AVLP016,53,44,2,3,18,35,46,2
53,AVLP032,54,45,5,9,9,36,47,5
54,AVLP075,55,46,2,2,19,37,48,2
55,AVLP077,56,47,2,3,20,38,49,2
56,AVLP096,57,48,2,3,12,39,50,2
57,AVLP255,58,49,2,3,12,39,51,2
58,AVLP256,59,50,2,3,12,40,50,2
59,AVLP316,60,23,2,2,3,41,50,2
60,AVLP428,61,51,1,2,19,42,52,1
61,AVLP460,62,52,2,3,12,43,53,2
62,AVLP470,63,53,2,2,12,44,54,2
63,AVLP473,64,54,5,9,19,45,55,5
64,AVLP477,65,55,5,9,9,46,56,5
65,AVLP491,66,50,2,3,12,9,57,2
66,AVLP493,67,56,3,10,21,47,58,3
67,AVLP494,68,56,2,2,3,47,58,2
68,AVLP495,69,57,4,11,13,48,59,4
69,AVLP496,70,58,2,2,3,49,18,2
70,AVLP497,71,59,3,10,21,50,60,3
71,AVLP498,72,44,2,3,18,35,46,2
72,AVLP525,73,47,2,3,20,38,49,2
73,AVLP530,74,60,2,3,12,51,61,2
74,AVLP561,75,61,2,3,12,52,62,2
75,AVLP562,76,62,5,9,9,53,63,5
76,AVLP563,77,63,5,9,9,54,64,5
77,AVLP590,78,56,2,2,3,47,58,2
78,AVLP593,79,64,2,3,12,55,65,2
79,AstA1,80,45,1,1,19,56,47,1
80,CL003,81,65,1,1,2,57,66,1
81,CL006,82,66,2,2,22,58,67,2
82,CL007,83,67,6,3,23,59,68,6
83,CL008,84,68,2,3,12,60,69,2
84,CL009,85,68,2,3,12,60,69,2
85,CL010,86,69,2,3,12,60,70,2
86,CL017,87,70,1,1,13,61,71,1
87,CL018,88,71,2,2,3,62,72,2
88,CL019_a,89,70,1,2,24,63,73,1
89,CL019_b,90,72,2,2,3,64,74,2
90,CL020,91,72,2,2,3,64,74,2
91,CL025,92,73,2,8,7,65,75,2
92,CL029,93,74,2,2,19,66,76,2
93,CL030,94,74,2,2,19,66,76,2
94,CL031,95,40,2,7,10,25,17,2
95,CL038,96,75,2,3,12,67,77,2
96,CL039,97,67,6,3,23,59,78,6
97,CL040,98,76,2,3,3,68,79,2
98,CL041,99,77,2,2,3,60,80,2
99,CL042,100,78,2,3,25,69,81,2
100,CL043,101,79,2,3,3,70,82,2
101,CL044,102,80,2,3,3,63,82,2
102,CL045,103,67,6,3,23,59,68,6
103,CL054,104,81,7,3,26,71,83,2
104,CL060,105,24,2,3,12,72,84,2
105,CL098,106,78,2,3,3,73,81,2
106,CL108,107,82,2,3,12,43,85,2
107,CL109,108,83,2,3,27,74,86,2
108,CL112,109,84,5,12,28,75,87,5
109,CL123,110,85,5,9,9,76,88,5
110,CL129,111,86,5,9,9,77,89,5
111,CL138,112,87,2,3,12,78,90,2
112,CL143,113,88,2,3,12,79,91,2
113,CL144,114,89,2,3,12,72,92,2
114,CL145,115,90,2,2,3,68,93,2
115,CL147,116,91,2,2,3,80,94,2
116,CL152,117,92,2,2,3,81,93,2
117,CL157,118,93,2,2,3,82,95,2
118,CL158,119,94,2,3,3,83,96,2
119,CL159,120,95,2,3,3,84,97,2
120,CL160,121,96,1,3,12,85,98,1
121,CL161,122,30,2,3,3,80,79,2
122,CL162,123,97,2,2,3,69,99,2
123,CL165,124,98,1,1,19,86,100,1
124,CL166,125,96,2,3,12,85,98,2
125,CL167,126,82,2,3,12,67,101,2
126,CL168,127,99,2,3,12,87,102,2
127,CL171,128,100,8,3,29,88,103,2
128,CL172,129,101,2,2,3,83,104,2
129,CL173,130,101,2,2,3,83,105,2
130,CL174,131,100,2,2,3,89,106,2
131,CL175,132,92,2,2,3,81,107,2
132,CL176,133,82,2,3,12,43,85,2
133,CL177,134,82,2,3,12,43,85,2
134,CL178,135,82,1,3,12,43,108,1
135,CL179,136,97,2,2,3,69,99,2
136,CL181,137,102,2,2,3,81,109,2
137,CL182,138,102,2,3,3,81,79,2
138,CL185,139,103,2,2,3,90,102,2
139,CL193,140,104,2,2,3,91,110,2
140,CL194,141,104,2,2,3,91,110,2
141,CL196,142,103,2,3,3,90,111,2
142,CL198_b,143,94,2,2,3,91,112,2
143,CL199,144,85,5,9,12,92,113,5
144,CL205,145,105,2,3,12,93,114,2
145,CL209,146,87,2,3,12,78,90,2
146,CL211,147,61,2,3,20,52,62,2
147,CL212,148,52,2,3,12,43,53,2
148,CL213,149,69,2,3,12,52,115,2
149,CL215,150,106,2,3,12,94,116,2
150,CL217,151,75,2,3,12,67,77,2
151,CL225,152,107,2,3,30,95,117,2
152,CL229,153,98,2,3,12,86,118,2
153,CL235,154,95,2,3,3,84,97,2
154,CL236,155,108,2,2,12,41,119,2
155,CL237,156,109,2,3,12,96,120,2
156,CL243,157,98,2,3,12,86,121,2
157,CL244,158,110,2,3,30,97,122,2
158,CL247,159,111,2,3,12,92,123,2
159,CL248,160,106,2,3,12,94,116,2
160,CL249,161,112,2,2,12,98,124,2
161,CL251,162,113,2,2,19,66,119,2
162,CL258,163,114,2,2,3,91,112,2
163,CL261,164,115,5,9,12,99,125,5
164,CL262,165,116,2,3,12,43,126,2
165,CL265,166,117,2,3,12,100,123,2
166,CL273,167,118,2,3,31,101,127,2
167,CL275,168,82,2,3,12,43,128,2
168,CL278,169,9,2,2,12,9,9,2
169,CL279,170,49,2,3,12,72,51,2
170,CL286,171,119,2,3,12,102,129,2
171,CL287,172,102,2,2,3,81,109,2
172,CL292,173,103,2,3,12,90,130,2
173,CL300,174,120,2,7,12,84,131,2
174,CL301,175,121,2,3,12,80,132,2
175,CL303,176,122,5,9,9,53,133,5
176,CL308,177,95,4,3,12,84,131,4
177,CL310,178,81,2,3,12,40,83,2
178,CL311,179,98,2,3,12,86,121,2
179,CL312,180,82,2,3,12,43,50,2
180,CL313,181,123,2,3,12,72,134,2
181,CL316,182,83,2,3,27,74,86,2
182,CL318,183,101,2,2,3,83,104,2
183,CL319,184,124,2,3,18,103,135,2
184,CL323,185,119,2,3,12,102,129,2
185,CL326,186,125,5,9,32,104,136,5
186,CL328,187,126,4,6,8,14,137,4
187,CL334,188,127,2,3,12,105,138,2
188,CL336,189,121,2,3,12,80,132,2
189,CL337,190,111,2,3,12,80,79,2
190,CL339,191,69,2,3,12,106,103,2
191,CL342,192,48,2,3,12,72,50,2
192,CL343,193,89,2,3,12,72,88,2
193,CL344,194,89,2,3,12,72,139,2
194,CL356,195,128,2,3,12,107,140,2
195,CL361,196,44,2,3,18,35,46,2
196,CL362,197,26,3,7,10,22,141,3
197,CRE001,198,129,3,10,11,108,142,3
198,CRE002,199,130,4,6,8,109,143,4
199,CRE003_a,200,131,3,10,11,110,144,3
200,CRE003_b,201,32,3,10,11,111,33,3
201,CRE004,202,132,5,9,9,112,145,5
202,CRE005,203,133,5,9,9,113,146,5
203,CRE006,204,55,5,9,9,46,147,5
204,CRE007,205,134,5,9,9,114,148,5
205,CRE008,206,135,3,10,11,111,149,3
206,CRE009,207,20,3,10,11,18,20,3
207,CRE010,208,135,3,10,11,111,150,3
208,CRE011,209,136,3,10,11,53,151,3
209,CRE012,210,137,4,9,9,112,152,5
210,CRE013,211,55,5,9,9,46,153,5
211,CRE014,212,138,5,9,12,115,154,5
212,CRE015,213,139,4,6,33,116,155,4
213,CRE016,214,140,4,6,34,117,156,4
214,CRE017,215,27,3,10,10,23,28,3
215,CRE018,216,141,3,10,11,118,157,3
216,CRE019,217,142,5,9,25,50,158,5
217,CRE020,218,143,3,10,11,119,159,3
218,CRE021,219,144,5,9,9,120,160,5
219,CRE022,220,62,5,9,9,53,161,5
220,CRE023,221,55,5,9,9,46,56,5
221,CRE024,222,33,5,9,14,28,34,5
222,CRE025,223,145,6,13,35,121,162,6
223,CRE026,224,16,5,9,9,122,16,5
224,CRE027,225,146,5,9,9,123,163,5
225,CRE028,226,132,5,9,9,76,145,5
226,CRE029_a,227,63,5,9,9,54,164,5
227,CRE029_b,228,147,5,9,9,124,165,5
228,CRE029_c,229,148,5,9,9,92,166,5
229,CRE030_a,230,85,5,9,9,92,63,5
230,CRE030_b,231,85,5,9,9,92,123,5
231,CRE031,232,149,5,9,9,92,167,5
232,CRE032,233,150,5,9,9,54,168,5
233,CRE033,234,63,5,9,9,54,64,5
234,CRE034,235,16,5,9,9,125,16,5
235,CRE035,236,151,5,9,9,122,169,5
236,CRE036,237,152,5,9,9,45,63,5
237,CRE037,238,122,5,9,9,76,170,5
238,CRE038,239,149,5,9,9,76,171,5
239,CRE039,240,152,5,9,9,45,172,5
240,CRE040,241,62,5,9,9,53,161,5
241,CRE041,242,153,4,6,8,126,173,4
242,CRE042,243,154,3,10,11,127,174,3
243,CRE043_a,244,146,5,9,9,123,175,5
244,CRE043_c,245,146,5,9,9,123,163,5
245,CRE043_d,246,146,5,9,9,123,163,5
246,CRE044,247,147,5,9,9,128,169,5
247,CRE045,248,155,5,9,9,46,167,5
248,CRE046,249,156,5,9,9,129,176,5
249,CRE047,250,157,4,6,33,130,177,4
250,CRE048,251,136,3,10,11,114,151,3
251,CRE049,252,158,5,9,9,92,178,5
252,CRE050,253,159,3,10,11,131,179,3
253,CRE051,254,129,3,10,11,108,142,3
254,CRE052,255,160,3,10,11,132,180,3
255,CRE054,256,161,3,10,11,133,181,3
256,CRE056,257,162,3,10,11,118,178,3
257,CRE057,258,163,3,10,11,134,182,3
258,CRE059,259,132,5,9,9,76,145,5
259,CRE060,260,164,3,10,11,135,175,3
260,CRE061,261,151,5,9,9,122,169,5
261,CRE062,262,165,5,9,9,135,183,5
262,CRE063,263,166,3,10,11,118,184,3
263,CRE064,264,166,3,10,11,111,185,3
264,CRE065,265,167,3,10,2,136,186,3
265,CRE066,266,168,3,10,11,127,187,3
266,CRE068,267,165,5,9,9,135,183,5
267,CRE069,268,169,3,10,11,137,188,3
268,CRE070,269,158,5,9,9,127,189,5
269,CRE071,270,170,3,10,11,138,190,3
270,CRE073,271,171,3,10,11,111,191,3
271,CRE074,272,84,5,9,9,75,87,5
272,CRE075,273,155,5,9,9,15,192,5
273,CRE076,274,172,3,10,11,139,193,3
274,CRE077,275,138,3,10,36,115,154,3
275,CRE078,276,173,5,9,11,140,194,5
276,CRE079,277,174,5,9,21,50,190,5
277,CRE080,278,65,5,9,9,135,66,5
278,CRE081,279,139,5,9,9,116,57,5
279,CRE082,280,175,1,1,2,141,195,1
280,CRE083,281,176,3,1,2,57,196,3
281,CRE084,282,177,5,9,9,142,44,5
282,CRE085,283,178,5,9,9,143,197,5
283,CRE086,284,179,5,9,9,144,198,5
284,CRE087,285,176,3,10,2,57,196,3
285,CRE088,286,65,3,10,11,57,66,3
286,CRE089,287,180,5,9,9,142,164,5
287,CRE090,288,177,5,9,9,142,199,5
288,CRE091,289,181,5,9,33,143,200,5
289,CRE092,290,136,3,10,11,114,201,3
290,CRE093,291,182,6,13,37,145,202,6
291,CRE094,292,183,5,9,9,146,203,5
292,CRE095,293,184,5,9,11,147,204,5
293,CRE096,294,185,3,10,11,148,205,3
294,CRE097,295,186,3,10,11,149,206,3
295,CRE098,296,186,3,10,11,149,206,3
296,CRE099,297,187,2,7,38,150,207,2
297,CRE100,298,188,5,9,9,151,208,5
298,CRE102,299,189,3,10,11,152,209,3
299,CRE103,300,173,3,10,11,140,193,3
300,CRE104,301,149,5,9,39,92,210,5
301,CRE105,302,145,6,13,35,121,162,6
302,CRE106,303,156,5,9,9,129,176,5
303,CRE107,304,190,5,9,9,113,211,5
304,CRE108,305,191,5,12,28,153,212,5
305,DGI,306,192,6,13,13,60,213,6
306,DNa03,307,193,4,6,8,112,214,4
307,DNa08,308,194,2,3,40,93,45,2
308,DNp17,309,195,4,6,17,11,215,4
309,DNp27,310,46,2,2,19,42,216,2
310,DNp32,311,196,2,3,12,147,217,2
311,DNp42,312,197,2,3,12,73,218,2
312,DNp49,313,198,2,3,12,154,219,2
313,ExR3,314,199,6,13,41,155,220,6
314,ExR6,315,200,4,6,8,156,221,4
315,FB1C,316,168,5,9,25,157,187,5
316,FB1G,317,201,6,13,42,158,222,6
317,FB1H,318,202,6,13,42,159,223,6
318,FB2A,319,201,6,13,42,158,222,6
319,FB2C,320,201,6,13,42,158,222,6
320,FB2D,321,201,6,13,42,158,222,6
321,FB2F_a,322,203,6,13,42,160,224,6
322,FB2G_b,323,204,6,13,42,158,225,6
323,FB2K,324,204,6,13,42,158,225,6
324,FB2L,325,205,6,13,42,161,226,6
325,FB2M,326,206,6,13,42,158,227,6
326,FB3C,327,205,6,13,42,162,226,6
327,FB3D,328,205,6,13,42,162,226,6
328,FB3E,329,205,6,13,42,162,226,6
329,FB4A,330,205,6,13,43,163,226,6
330,FB4B,331,207,6,13,43,164,228,6
331,FB4C,332,208,6,13,42,165,229,6
332,FB4D,333,205,6,13,43,162,226,6
333,FB4E,334,209,6,13,43,166,230,6
334,FB4F_a,335,209,6,13,43,166,230,6
335,FB4F_b,336,210,6,13,43,167,231,6
336,FB4G,337,207,6,13,43,164,228,6
337,FB4H,338,211,5,9,9,124,232,5
338,FB4I,339,212,6,13,43,168,233,6
339,FB4J,340,149,6,13,43,92,210,6
340,FB4K,341,207,6,13,43,164,228,6
341,FB4L,342,205,6,13,42,165,226,6
342,FB4M,343,207,6,13,43,164,228,6
343,FB4N,344,213,6,13,44,169,234,6
344,FB4O,345,212,6,13,43,168,235,6
345,FB4P_a,346,210,6,13,43,167,231,6
346,FB4P_b,347,209,6,13,43,166,236,6
347,FB4Q_a,348,209,6,13,43,166,236,6
348,FB4Q_b,349,214,6,13,43,163,237,6
349,FB4R,350,157,6,13,43,130,177,6
350,FB4X,351,214,6,13,43,163,237,6
351,FB4Y,352,215,6,13,43,170,238,6
352,FB5A,353,216,6,13,45,171,239,6
353,FB5AA,354,217,6,13,41,172,240,6
354,FB5AB,355,218,6,13,41,170,241,6
355,FB5B,356,218,6,13,41,170,240,6
356,FB5C,357,219,6,13,41,173,242,6
357,FB5D,358,220,5,9,9,92,243,5
358,FB5E,359,220,6,13,43,92,243,6
359,FB5F,360,221,6,13,43,174,243,6
360,FB5G,361,222,6,13,13,175,244,6
361,FB5H,362,190,6,13,9,113,211,6
362,FB5I,363,170,6,13,41,170,240,6
363,FB5J,364,214,6,13,43,163,237,6
364,FB5K,365,215,6,13,11,138,238,6
365,FB5L,366,218,6,13,41,170,241,6
366,FB5M,367,223,6,13,41,176,245,6
367,FB5N,368,223,6,13,41,176,245,6
368,FB5O,369,217,6,13,41,172,243,6
369,FB5P,370,220,6,13,9,92,243,6
370,FB5Q,371,224,6,13,37,177,246,6
371,FB5T,372,219,5,13,46,173,242,5
372,FB5V,373,188,5,9,9,151,247,5
373,FB5W,374,225,6,13,43,168,248,6
374,FB5X,375,225,6,13,43,168,248,6
375,FB5Y,376,223,6,13,41,176,245,6
376,FB5Z,377,217,6,13,41,172,249,6
377,FB6B,378,226,6,13,41,178,250,6
378,FB6C_b,379,227,6,13,41,179,251,6
379,FB6E,380,218,6,13,41,170,252,6
380,FB6F,381,226,6,13,41,178,251,6
381,FB6H,382,226,6,13,41,178,250,6
382,FB6K,383,223,6,13,41,176,245,6
383,FB6L,384,217,6,13,41,172,249,6
384,FB6N,385,218,6,13,41,170,251,6
385,FB6O,386,228,6,13,41,180,251,6
386,FB6P,387,218,6,13,41,170,252,6
387,FB6R,388,229,6,13,41,181,253,6
388,FB6S,389,230,6,13,41,182,254,6
389,FB6U,390,231,6,13,41,181,255,6
390,FB6V,391,217,6,13,41,172,249,6
391,FB6W,392,229,6,13,41,181,253,6
392,FB6X,393,217,6,13,41,172,249,6
393,FB6Y,394,231,6,13,41,181,255,6
394,FB7C,395,232,6,13,41,183,256,6
395,FB7E,396,233,6,13,13,184,257,6
396,FB7F,397,228,1,1,2,182,258,1
397,FB7I,398,232,6,13,41,183,256,6
398,FB7L,399,228,6,1,47,185,258,6
399,FB8C,400,234,1,1,47,185,259,1
400,FB8F_a,401,227,1,1,2,182,260,1
401,FB8F_b,402,234,1,1,48,185,259,1
402,FB8I,403,234,1,1,13,185,259,1
403,FC1C,404,235,6,13,42,158,261,6
404,FC1D,405,201,6,13,42,158,222,6
405,FC1E,406,206,6,13,42,158,227,6
406,FC2A,407,221,6,13,43,174,262,6
407,FC2B,408,213,6,13,44,169,234,6
408,FC2C,409,216,6,13,45,171,239,6
409,FS1A,410,236,6,13,37,186,263,6
410,FS1B,411,173,6,13,11,140,194,6
411,FS3,412,237,6,13,13,179,264,6
412,FS4A,413,238,6,14,47,187,265,6
413,FS4C,414,192,6,13,25,60,213,6
414,IB006,415,239,2,2,3,83,266,2
415,IB009,416,41,2,7,10,154,43,2
416,IB011,417,240,2,2,3,75,267,2
417,IB013,418,241,2,2,3,188,268,2
418,IB016,419,242,2,3,3,189,269,2
419,IB017,420,240,5,9,37,75,267,5
420,IB018,421,40,2,7,10,25,42,2
421,IB020,422,243,2,7,49,190,270,2
422,IB021,423,31,2,7,10,27,271,2
423,IB022,424,244,2,2,3,191,272,2
424,IB024,425,40,2,7,10,25,42,2
425,IB026,426,110,2,3,30,97,122,2
426,IB027,427,100,2,3,3,60,106,2
427,IB031,428,245,2,3,17,89,273,2
428,IB042,429,246,2,7,13,192,274,2
429,IB047,430,6,4,6,8,6,6,4
430,IB049,431,38,4,6,16,32,40,4
431,IB050,432,196,2,2,3,193,217,2
432,IB053,433,94,2,2,3,60,275,2
433,IB057,434,197,2,3,3,73,276,2
434,IB058,435,30,2,7,10,26,17,2
435,IB059,436,244,2,2,12,154,277,2
436,IB060,437,247,2,3,50,194,278,2
437,IB061,438,247,2,3,50,194,278,2
438,IB062,439,115,4,3,51,99,233,4
439,IB063,440,197,2,3,3,73,276,2
440,IB064,441,139,5,9,12,116,155,5
441,IB070,442,248,4,6,52,195,101,4
442,IB072,443,249,4,6,8,195,279,4
443,IB073,444,6,4,6,8,195,280,4
444,IB074,445,6,4,6,8,195,280,4
445,IB078,446,127,2,3,12,105,138,2
446,IB079,447,250,4,6,17,196,281,4
447,IB080,448,81,2,3,12,197,83,2
448,IB084,449,14,4,6,8,13,14,4
449,IB087,450,10,2,3,3,10,10,2
450,IB091,451,251,2,3,3,73,282,2
451,IB109,452,252,2,3,3,198,283,2
452,IB111,453,253,2,6,17,199,284,2
453,IB112,454,254,2,2,3,20,285,2
454,LAL002,455,255,4,6,53,200,286,4
455,LAL003,456,22,4,6,8,201,23,4
456,LAL004,457,131,4,6,6,110,287,4
457,LAL005,458,256,4,6,6,202,288,4
458,LAL007,459,257,5,9,9,203,289,5
459,LAL008,460,258,4,6,8,112,290,4
460,LAL009,461,153,4,6,8,126,173,4
461,LAL010,462,259,4,6,8,204,291,4
462,LAL011,463,260,4,6,8,205,292,4
463,LAL012,464,131,4,6,8,110,287,4
464,LAL013,465,261,4,6,8,106,293,4
465,LAL014,466,193,4,6,8,112,214,4
466,LAL015,467,258,4,6,8,112,290,4
467,LAL016,468,258,4,6,8,112,290,4
468,LAL022,469,236,4,6,37,186,294,4
469,LAL023,470,21,4,6,8,19,22,4
470,LAL025,471,12,2,2,3,9,12,2
471,LAL027,472,12,2,2,3,9,12,2
472,LAL030_a,473,260,4,6,8,11,292,4
473,LAL030_b,474,262,4,6,33,133,295,4
474,LAL031,475,263,3,10,11,206,296,3
475,LAL032,476,235,3,10,11,70,261,3
476,LAL033,477,264,3,10,11,205,297,3
477,LAL035,478,265,4,6,8,205,298,4
478,LAL036,479,262,3,10,39,111,295,3
479,LAL037,480,135,3,10,11,111,295,3
480,LAL038,481,143,3,10,11,119,159,3
481,LAL039,482,265,3,10,11,206,296,3
482,LAL040,483,266,4,6,8,207,299,4
483,LAL042,484,267,4,6,8,112,300,4
484,LAL044,485,22,4,6,8,201,23,4
485,LAL045,486,250,4,6,17,196,281,4
486,LAL047,487,140,4,6,34,117,301,4
487,LAL056,488,268,4,15,25,208,302,4
488,LAL060,489,269,4,6,8,195,303,4
489,LAL062,490,260,4,6,54,209,292,4
490,LAL066,491,248,4,6,52,195,101,4
491,LAL068,492,7,4,6,6,7,7,4
492,LAL069,493,249,4,6,8,145,304,4
493,LAL070,494,270,4,6,6,205,7,4
494,LAL071,495,269,4,6,52,195,303,4
495,LAL073,496,270,4,6,8,205,305,4
496,LAL076,497,182,4,6,8,145,202,4
497,LAL077,498,271,4,6,8,13,306,4
498,LAL078,499,272,4,6,8,205,307,4
499,LAL079,500,273,4,6,8,201,308,4
500,LAL080,501,272,4,6,8,205,309,4
501,LAL082,502,258,4,6,8,112,290,4
502,LAL087,503,256,7,16,26,202,288,4
503,LAL090,504,66,4,17,22,58,67,4
504,LAL098,505,258,4,6,8,112,290,4
505,LAL100,506,158,5,9,9,1,189,5
506,LAL101,507,188,5,9,9,151,247,5
507,LAL104,508,267,4,6,8,112,300,4
508,LAL110,509,274,4,6,8,112,310,4
509,LAL114,510,249,4,6,8,195,279,4
510,LAL115,511,275,3,10,11,210,150,3
511,LAL121,512,6,4,6,8,204,307,4
512,LAL123,513,200,4,6,8,156,221,4
513,LAL124,514,258,4,6,8,112,290,4
514,LAL128,515,260,4,6,8,112,292,4
515,LAL129,516,188,5,9,9,151,208,5
516,LAL130,517,276,2,2,3,9,311,2
517,LAL134,518,42,2,2,37,211,312,2
518,LAL135,519,277,4,6,17,212,313,4
519,LAL137,520,188,5,9,9,151,208,5
520,LAL141,521,182,4,6,8,145,304,4
521,LAL142,522,140,4,6,34,117,294,4
522,LAL143,523,268,4,6,25,208,302,4
523,LAL144,524,270,4,6,8,205,305,4
524,LAL146,525,278,4,6,8,213,314,4
525,LAL147,526,41,4,6,53,200,43,4
526,LAL148,527,131,4,7,10,110,287,4
527,LAL149,528,36,5,9,15,30,315,5
528,LAL150,529,36,5,9,15,30,38,5
529,LAL151,530,149,4,6,15,214,315,4
530,LAL154,531,55,5,9,9,46,170,5
531,LAL155,532,279,4,6,36,215,316,4
532,LAL159,533,280,4,6,8,112,317,4
533,LAL160,534,137,4,6,8,112,152,4
534,LAL161,535,258,4,6,8,112,290,4
535,LAL163,536,4,4,6,8,4,318,4
536,LAL164,537,42,4,6,52,125,312,4
537,LAL173,538,281,3,10,17,216,319,3
538,LAL174,539,281,3,10,17,216,320,3
539,LAL175,540,272,4,6,8,205,309,4
540,LAL176,541,164,4,6,8,112,175,4
541,LAL177,542,42,4,6,39,33,321,4
542,LAL182,543,143,3,10,11,119,159,3
543,LAL185,544,86,5,9,9,77,89,5
544,LAL188,545,142,4,3,25,4,301,4
545,LAL190,546,4,4,6,8,4,4,4
546,LAL191,547,188,5,9,9,151,37,5
547,LAL192,548,117,5,9,9,100,165,5
548,LAL198,549,260,3,10,11,134,292,3
549,LAL199,550,255,4,6,53,200,286,4
550,LAL200,551,253,4,6,8,199,284,4
551,LAL201,552,258,4,6,8,112,290,4
552,LC33a,553,126,4,6,8,14,137,4
553,LC33b,554,266,4,6,8,207,299,4
554,LC46a,555,251,2,3,55,217,282,2
555,LHAD1b1_b,556,282,1,1,2,218,322,1
556,LHAD1b2_a,557,283,3,10,2,219,323,3
557,LHAD1b2_b,558,284,3,10,2,12,324,3
558,LHAD1b2_c,559,282,3,10,2,218,322,3
559,LHAD1b2_d,560,283,3,10,56,219,323,3
560,LHAD1b4,561,285,1,1,2,220,325,1
561,LHAD1b6_a,562,286,1,1,2,221,326,1
562,LHAD1b6_b,563,287,3,10,2,222,327,3
563,LHAD1c1_a,564,13,3,10,57,12,328,3
564,LHAD1c1_b,565,13,3,10,57,12,329,3
565,LHAD1c2,566,288,3,10,57,223,330,3
566,LHAV6c1,567,171,3,10,11,111,191,3
567,LHAV9a1_a,568,289,3,10,11,224,331,3
568,LHAV9a1_b,569,166,3,10,11,111,185,3
569,LHAV9a1_c,570,290,3,10,11,225,332,3
570,LHCENT10,571,291,3,10,11,57,333,3
571,LHCENT11,572,292,3,10,11,226,334,3
572,LHCENT14,573,293,5,9,11,227,335,5
573,LHCENT3,574,294,3,10,56,228,336,3
574,LHCENT4,575,295,3,10,11,57,337,3
575,LHCENT5,576,296,3,10,11,108,338,3
576,LHCENT8,577,292,3,10,11,226,334,3
577,LHCENT9,578,176,3,10,2,57,196,3
578,LHMB1,579,297,3,10,36,229,339,3
579,LHPD2a1,580,135,3,10,11,111,340,3
580,LHPD2a2,581,176,3,10,2,57,196,3
581,LHPD2a3,582,298,3,10,11,230,341,3
582,LHPD2a4_a,583,135,3,10,11,231,342,3
583,LHPD2a4_b,584,135,3,10,11,111,149,3
584,LHPD2a4_c,585,299,3,10,11,118,343,3
585,LHPD2a5_a,586,300,3,10,11,232,344,3
586,LHPD2a5_b,587,301,3,10,11,233,345,3
587,LHPD2a6,588,135,3,10,11,111,340,3
588,LHPD2a7,589,263,3,10,11,222,147,3
589,LHPD2a9,590,295,3,10,11,234,337,3
590,LHPD2c1,591,302,2,10,3,12,13,2
591,LHPD2c2,592,303,3,10,11,111,346,3
592,LHPD2c3,593,181,3,10,58,235,347,3
593,LHPD2c4,594,181,3,10,33,235,347,3
594,LHPD2c5,595,302,2,10,3,12,348,2
595,LHPD2c6,596,284,3,10,11,233,324,3
596,LHPD2c7,597,274,3,10,11,236,310,3
597,LHPD5a1,598,304,3,10,58,237,349,3
598,LHPD5b1,599,305,1,1,19,238,350,1
599,LHPD5d1,600,304,3,10,58,237,349,3
600,LHPD5e1,601,306,1,1,59,239,351,1
601,LHPD5f1,602,26,3,7,10,22,27,3
602,LHPV10a1,603,307,1,2,19,240,352,1
603,LHPV10b1,604,160,3,10,11,132,180,3
604,LHPV10d1,605,189,3,10,11,152,209,3
605,LHPV11a1,606,308,9,18,60,241,353,3
606,LHPV3a1,607,309,4,19,54,242,354,3
607,LHPV4m1,608,161,3,10,11,226,355,3
608,LHPV5a2,609,310,3,10,57,243,356,3
609,LHPV5e1,610,159,3,10,11,131,179,3
610,LHPV5e3,611,173,3,10,11,140,193,3
611,LHPV5g1_a,612,224,6,13,61,177,246,6
612,LHPV5g1_b,613,203,3,10,61,160,224,3
613,LHPV5l1,614,311,2,7,38,150,357,2
614,LHPV8a1,615,77,5,9,46,92,80,5
615,LHPV9b1,616,191,5,12,28,153,212,5
616,LNd,617,46,1,2,19,42,48,1
617,LPN,618,312,1,1,19,42,358,1
618,LT33,619,313,10,20,26,244,359,2
619,LT34,620,242,2,2,3,189,269,2
620,LT42,621,314,4,6,6,245,6,4
621,LT51,622,259,4,6,8,204,291,4
622,LT84,623,315,2,2,3,9,311,2
623,MBON01,624,294,3,10,56,228,336,3
624,MBON03,625,316,3,10,11,246,360,3
625,MBON04,626,154,3,10,11,127,174,3
626,MBON05,627,317,3,10,56,247,361,3
627,MBON07,628,318,7,21,26,248,362,1
628,MBON12,629,279,3,10,36,215,363,3
629,MBON15,630,150,3,10,36,229,184,3
630,MBON15-like,631,319,3,10,36,229,364,3
631,MBON21,632,275,3,10,11,210,365,3
632,MBON25,633,63,5,9,9,54,64,5
633,MBON26,634,275,3,10,11,210,365,3
634,MBON27,635,280,4,6,8,112,317,4
635,MBON29,636,320,3,10,11,127,366,3
636,MBON31,637,297,3,10,36,229,339,3
637,MBON32,638,279,4,6,36,215,316,4
638,MBON33,639,321,5,9,9,249,367,5
639,MBON34,640,211,5,9,9,124,232,5
640,MBON35,641,279,2,2,36,215,133,2
641,M_l2PNl20,642,160,3,10,11,132,180,3
642,M_l2PNm14,643,26,3,7,10,22,27,3
643,M_lvPNm24,644,300,3,10,11,232,368,3
644,M_spPN4t9,645,160,3,10,11,132,180,3
645,M_spPN5t10,646,5,4,4,4,5,5,3
646,NPFL1-I,647,89,2,1,3,141,139,2
647,OA-ASM1,648,93,2,2,3,82,369,2
648,OA-ASM2,649,128,2,3,12,250,140,2
649,OA-VPM3,650,202,6,13,42,159,223,6
650,OA-VPM4,651,64,5,9,12,55,65,5
651,OA-VUMa1,652,200,4,6,8,156,221,4
652,OA-VUMa6,653,68,2,2,3,211,69,2
653,OA-VUMa7,654,79,2,2,3,70,370,2
654,OCG06,655,322,2,3,12,103,371,2
655,PAL01,656,323,1,1,19,251,372,1
656,PAL02,657,324,2,8,7,252,373,2
657,PAL03,658,51,2,2,3,42,52,2
658,PAM01_a,659,296,3,10,11,114,338,3
659,PAM01_b,660,325,3,10,21,253,374,3
660,PAM02,661,294,3,10,56,228,345,3
661,PAM04_a,662,326,3,22,62,254,375,3
662,PAM04_b,663,327,3,22,26,255,376,3
663,PAM05,664,328,3,10,11,127,377,3
664,PAM06_a,665,316,3,10,11,246,360,3
665,PAM06_b,666,329,3,10,57,233,378,3
666,PAM08_a,667,59,3,10,21,247,168,3
667,PAM08_b,668,59,3,10,11,50,379,3
668,PAM08_c,669,330,3,10,11,127,380,3
669,PAM08_d,670,330,3,10,11,256,380,3
670,PAM08_e,671,59,3,20,21,50,60,3
671,PAM09,672,331,1,1,2,182,381,1
672,PAM10,673,332,1,1,48,257,382,1
673,PAM11,674,285,1,1,2,219,383,1
674,PAM12,675,321,5,9,9,249,367,5
675,PAM13,676,290,3,10,11,225,332,3
676,PAM14,677,289,3,10,11,111,331,3
677,PAM15_a,678,325,3,10,21,253,374,3
678,PAM15_b,679,59,3,10,21,50,379,3
679,PFL2,680,212,6,13,43,168,235,6
680,PFL3,681,221,4,6,8,174,262,4
681,PLP012,682,258,4,6,8,112,290,4
682,PLP028,683,293,11,7,63,227,335,3
683,PLP032,684,4,2,3,3,4,4,2
684,PLP042_b,685,333,6,13,54,258,384,6
685,PLP046_b,686,265,12,19,33,259,298,3
686,PLP048,687,181,3,23,33,235,347,3
687,PLP121,688,334,1,1,13,49,158,1
688,PLP122,689,335,1,1,13,260,385,1
689,PLP123,690,336,2,2,3,261,386,2
690,PLP124,691,199,6,3,23,155,220,6
691,PLP161,692,155,5,9,9,15,192,5
692,PLP162,693,174,5,9,9,124,387,5
693,PLP187,694,265,4,19,54,259,298,4
694,PLP210,695,3,2,2,3,3,3,2
695,PLP211,696,337,2,3,12,80,388,2
696,PLP216,697,311,2,7,3,150,357,2
697,PLP220,698,338,2,3,64,262,389,2
698,PLP223,699,337,2,3,12,80,388,2
699,PLP224,700,337,2,3,12,80,388,2
700,PLP226,701,337,2,3,12,80,388,2
701,PLP244,702,339,2,3,3,80,113,2
702,PLP245,703,340,2,2,3,83,96,2
703,PLP246,704,341,5,9,65,263,390,5
704,PPL101,705,342,5,9,9,264,391,5
705,PPL102,706,55,5,9,9,46,153,5
706,PPL103,707,279,3,10,36,215,363,3
707,PPL104,708,343,3,10,11,265,392,3
708,PPL105,709,319,3,10,2,161,364,3
709,PPL106,710,344,1,1,2,266,393,1
710,PPL107,711,189,3,10,11,152,209,3
711,PPL108,712,62,5,9,9,53,133,5
712,PPL201,713,202,3,10,56,228,346,3
713,PPL202,714,298,3,3,12,230,341,3
714,PPM1204,715,314,4,6,29,245,394,4
715,PPM1205,716,258,4,6,8,112,290,4
716,PS002,717,91,2,3,3,80,94,2
717,PS004,718,121,2,3,12,80,395,2
718,PS050,719,345,1,3,66,267,396,1
719,PS098,720,346,4,24,67,268,397,4
720,PS107,721,197,2,3,12,73,218,2
721,PS114,722,243,2,7,49,190,270,2
722,PS119,723,347,2,2,3,269,398,2
723,PS122,724,60,2,3,68,51,61,2
724,PS127,725,346,4,24,67,268,397,4
725,PS129,726,39,2,3,29,88,41,2
726,PS133,727,124,2,3,12,103,135,2
727,PS140,728,91,8,3,29,80,394,2
728,PS143,729,69,2,3,29,88,103,2
729,PS145,730,60,2,3,68,51,61,2
730,PS150,731,69,2,3,29,88,115,2
731,PS152,732,348,2,3,68,270,399,2
732,PS163,733,4,4,3,12,4,318,4
733,PS164,734,349,2,3,68,270,395,2
734,PS165,735,348,2,3,68,270,371,2
735,PS166,736,38,4,6,16,32,40,4
736,PS167,737,39,2,3,29,73,41,2
737,PS192,738,350,4,6,69,271,400,4
738,PS199,739,322,2,3,12,103,135,2
739,PS202,740,252,2,3,12,198,283,2
740,PS207,741,120,2,3,60,73,282,2
741,PS214,742,277,4,6,17,188,313,4
742,PS255,743,243,2,7,49,8,78,2
743,PS258,744,314,2,7,49,245,401,2
744,PS264,745,42,5,7,39,33,321,5
745,PS271,746,17,4,6,12,16,31,4
746,PVLP114,747,21,4,6,8,19,22,4
747,PVLP151,748,338,2,3,64,262,389,2
748,SAD010,749,348,2,3,68,270,399,2
749,SAG,750,351,1,1,59,272,402,1
750,SIFa,751,326,3,22,62,254,375,3
751,SIP001,752,171,3,7,11,209,141,3
752,SIP002,753,352,3,10,54,209,403,3
753,SIP003_a,754,353,3,10,11,231,404,3
754,SIP003_b,755,162,3,10,11,111,405,3
755,SIP004,756,58,2,2,13,49,406,2
756,SIP010,757,141,3,10,11,118,184,3
757,SIP011,758,166,3,10,11,111,185,3
758,SIP013,759,354,3,10,11,111,407,3
759,SIP014,760,135,3,10,11,111,201,3
760,SIP015,761,355,3,10,11,273,408,3
761,SIP016,762,355,3,10,11,273,408,3
762,SIP017,763,254,2,2,3,20,25,2
763,SIP018,764,356,3,10,11,274,409,3
764,SIP019,765,357,1,1,2,182,410,1
765,SIP020,766,12,2,2,3,9,12,2
766,SIP021,767,339,2,2,3,80,113,2
767,SIP022,768,130,4,6,8,109,143,4
768,SIP023,769,302,4,6,8,12,13,4
769,SIP024,770,276,2,2,70,9,45,2
770,SIP026,771,358,1,1,2,182,411,1
771,SIP028,772,354,3,10,11,111,407,3
772,SIP029,773,353,3,10,11,231,404,3
773,SIP032,774,8,2,7,3,8,8,2
774,SIP033,775,19,2,6,8,17,19,2
775,SIP034,776,359,2,2,3,275,412,2
776,SIP035,777,360,3,10,11,276,413,3
777,SIP036,778,361,3,10,11,149,414,3
778,SIP038,779,343,3,10,11,265,392,3
779,SIP039,780,362,1,1,2,277,415,1
780,SIP042_a,781,363,3,10,11,234,416,3
781,SIP042_b,782,300,3,10,11,232,331,3
782,SIP043,783,78,3,10,11,278,417,3
783,SIP045,784,284,3,10,11,233,324,3
784,SIP046,785,364,1,1,2,279,418,1
785,SIP047,786,365,1,1,13,260,419,1
786,SIP049,787,135,3,10,11,111,407,3
787,SIP051,788,332,1,1,48,257,382,1
788,SIP052,789,363,3,10,11,234,416,3
789,SIP053,790,360,3,10,11,276,413,3
790,SIP054,791,2,1,1,2,2,2,1
791,SIP055,792,366,2,2,3,12,420,2
792,SIP056,793,361,3,10,11,149,206,3
793,SIP059,794,8,2,7,3,8,82,2
794,SIP060,795,79,2,7,3,70,82,2
795,SIP061,796,367,2,7,71,280,421,2
796,SIP062,797,359,2,7,72,8,412,2
797,SIP063,798,359,2,7,72,8,412,2
798,SIP064,799,368,5,9,65,263,422,5
799,SIP065,800,222,6,13,13,175,244,6
800,SIP066,801,185,5,9,73,148,205,5
801,SIP067,802,367,1,1,71,280,421,1
802,SIP068,803,361,1,1,2,137,414,1
803,SIP069,804,368,5,9,65,263,422,5
804,SIP070,805,369,3,1,11,281,423,3
805,SIP071,806,300,3,10,11,232,344,3
806,SIP072,807,370,3,10,11,282,424,3
807,SIP073,808,371,5,9,11,258,425,5
808,SIP074,809,299,3,1,73,283,343,3
809,SIP075,810,372,1,1,11,284,342,1
810,SIP076,811,364,1,1,2,279,418,1
811,SIP081,812,373,13,25,26,209,426,3
812,SIP087,813,136,3,10,11,231,342,3
813,SIP088,814,357,1,1,2,182,410,1
814,SIP089,815,80,2,2,3,63,82,2
815,SIP090,816,136,3,10,11,231,151,3
816,SLP008,817,374,1,1,2,182,427,1
817,SLP009,818,375,1,26,74,285,428,1
818,SLP010,819,376,1,1,2,285,429,1
819,SLP013,820,303,3,10,2,255,376,3
820,SLP014,821,287,1,1,2,286,327,1
821,SLP021,822,377,1,1,2,284,430,1
822,SLP074,823,233,1,1,13,184,257,1
823,SLP099,824,378,1,1,2,287,431,1
824,SLP127,825,379,1,1,2,288,432,1
825,SLP128,826,379,1,1,2,288,432,1
826,SLP129_b,827,380,1,1,2,289,433,1
827,SLP129_c,828,285,3,10,2,57,383,3
828,SLP130,829,65,3,10,2,57,66,3
829,SLP135,830,378,1,1,2,287,431,1
830,SLP150,831,362,1,1,2,182,415,1
831,SLP159,832,381,1,20,46,290,434,1
832,SLP170,833,366,2,2,3,12,420,2
833,SLP212,834,382,1,1,75,291,435,1
834,SLP213,835,383,2,8,76,79,91,2
835,SLP214,836,334,1,1,13,49,436,1
836,SLP218,837,384,1,1,2,61,437,1
837,SLP242,838,289,3,10,11,224,331,3
838,SLP245,839,385,2,2,3,12,438,2
839,SLP246,840,114,2,7,63,259,439,2
840,SLP259,841,383,1,1,48,277,430,1
841,SLP278,842,82,2,2,12,292,108,2
842,SLP279,843,369,3,1,2,281,423,3
843,SLP327,844,384,1,1,2,61,437,1
844,SLP328,845,360,3,10,11,276,392,3
845,SLP329,846,386,1,8,76,293,440,1
846,SLP330,847,387,3,10,11,222,441,3
847,SLP356,848,388,2,2,3,12,82,2
848,SLP376,849,374,1,1,2,182,427,1
849,SLP388,850,1,1,1,1,1,1,1
850,SLP389,851,389,1,1,77,294,442,1
851,SLP390,852,390,1,1,2,295,443,1
852,SLP391,853,377,1,1,2,141,444,1
853,SLP392,854,391,2,2,3,296,445,2
854,SLP393,855,392,1,1,13,260,446,1
855,SLP396,856,393,1,1,2,297,447,1
856,SLP397,857,393,1,1,13,297,447,1
857,SLP398,858,394,1,1,13,298,73,1
858,SLP399,859,285,1,1,2,220,383,1
859,SLP400,860,395,1,1,2,299,448,1
860,SLP401,861,285,2,2,3,12,449,2
861,SLP402,862,396,1,2,19,42,450,1
862,SLP408,863,397,1,1,47,256,451,1
863,SLP410,864,398,2,8,76,300,452,2
864,SLP411,865,377,1,1,2,141,444,1
865,SLP412,866,399,2,2,19,42,453,2
866,SLP421,867,400,1,1,2,301,454,1
867,SLP422,868,357,1,1,2,182,410,1
868,SLP428,869,374,1,1,2,182,427,1
869,SLP433,870,401,1,1,2,286,455,1
870,SLP435,871,402,1,1,13,302,456,1
871,SLP439,872,365,1,1,2,182,419,1
872,SLP442,873,184,2,2,3,147,204,2
873,SLP450,874,362,1,1,48,277,415,1
874,SLP451,875,352,6,13,11,209,403,6
875,SLP457,876,379,1,7,2,288,432,1
876,SLP461,877,262,3,10,11,133,181,3
877,SMP001,878,403,1,1,12,303,457,1
878,SMP002,879,294,3,10,56,228,348,3
879,SMP003,880,73,2,8,7,65,75,2
880,SMP004,881,294,3,10,56,228,348,3
881,SMP005,882,11,2,8,7,236,11,2
882,SMP006,883,131,4,6,8,110,144,4
883,SMP007,884,404,4,6,78,304,458,4
884,SMP008,885,404,4,6,78,304,458,4
885,SMP009,886,405,3,10,11,222,147,3
886,SMP010,887,341,5,9,65,263,390,5
887,SMP011,888,300,3,10,11,232,368,3
888,SMP012,889,161,3,10,11,231,355,3
889,SMP013,890,259,4,6,8,204,291,4
890,SMP014,891,406,2,2,3,126,459,2
891,SMP015,892,407,2,2,3,250,460,2
892,SMP016_a,893,8,2,7,10,8,461,2
893,SMP016_b,894,273,4,7,10,201,308,4
894,SMP017,895,271,2,7,63,259,306,2
895,SMP018_a,896,408,2,7,10,8,462,2
896,SMP018_b,897,394,2,7,10,298,463,2
897,SMP018_c,898,409,2,2,3,305,464,2
898,SMP019,899,410,2,2,3,306,465,2
899,SMP020,900,8,2,2,3,8,461,2
900,SMP021,901,93,2,2,3,82,449,2
901,SMP022,902,391,2,2,3,296,69,2
902,SMP023,903,328,6,3,13,69,401,6
903,SMP024,904,411,5,9,73,307,466,5
904,SMP025,905,412,1,1,2,308,467,1
905,SMP026,906,169,1,1,2,137,188,1
906,SMP027,907,380,1,1,2,289,433,1
907,SMP029,908,144,2,8,7,120,160,2
908,SMP030,909,296,3,10,2,108,338,3
909,SMP031,910,317,3,10,56,247,361,3
910,SMP032,911,73,2,8,7,252,75,2
911,SMP033,912,413,1,3,61,60,468,1
912,SMP034,913,227,1,1,2,182,260,1
913,SMP035,914,414,1,1,2,309,469,1
914,SMP036,915,415,1,2,19,292,470,1
915,SMP037,916,108,2,2,3,41,471,2
916,SMP038,917,29,2,7,2,220,30,2
917,SMP039,918,416,2,2,3,12,449,2
918,SMP040,919,417,2,2,3,193,472,2
919,SMP041,920,418,1,1,2,310,473,1
920,SMP042,921,419,1,1,2,310,474,1
921,SMP043,922,420,2,2,19,42,475,2
922,SMP044,923,419,1,1,19,42,474,1
923,SMP045,924,394,2,7,10,298,463,2
924,SMP046,925,421,1,1,13,311,476,1
925,SMP047,926,422,2,2,19,42,477,2
926,SMP048,927,156,5,9,9,129,164,5
927,SMP050,928,423,5,9,9,312,478,5
928,SMP051,929,424,2,2,19,66,479,2
929,SMP052,930,74,2,2,19,66,480,2
930,SMP053,931,342,5,9,9,264,391,5
931,SMP054,932,254,2,2,3,20,481,2
932,SMP055,933,347,2,2,3,269,398,2
933,SMP056,934,425,5,9,9,313,482,5
934,SMP057,935,426,2,6,3,314,483,2
935,SMP058,936,356,3,10,11,274,409,3
936,SMP059,937,427,3,10,11,274,484,3
937,SMP060,938,362,1,1,13,182,415,1
938,SMP061,939,428,1,2,19,42,485,1
939,SMP062,940,429,1,2,19,42,486,1
940,SMP063,941,113,2,2,19,211,119,2
941,SMP064,942,116,2,2,12,211,126,2
942,SMP065,943,336,2,2,3,261,386,2
943,SMP066,944,245,2,2,3,89,273,2
944,SMP067,945,430,2,2,3,315,487,2
945,SMP068,946,431,2,9,12,43,488,2
946,SMP069,947,432,2,2,3,269,489,2
947,SMP070,948,103,2,3,12,90,111,2
948,SMP072,949,95,2,3,3,84,79,2
949,SMP074,950,118,2,3,31,101,127,2
950,SMP075,951,167,3,10,2,136,186,3
951,SMP076,952,320,1,1,2,57,366,1
952,SMP077,953,155,5,9,9,15,192,5
953,SMP078,954,391,1,1,2,296,445,1
954,SMP079,955,53,2,2,2,44,54,2
955,SMP080,956,433,2,2,3,275,490,2
956,SMP081,957,108,2,2,3,41,471,2
957,SMP082,958,434,1,1,2,42,491,1
958,SMP083,959,435,1,1,19,42,492,1
959,SMP084,960,436,1,1,19,310,493,1
960,SMP085,961,437,1,1,79,316,494,1
961,SMP086,962,438,1,1,2,310,495,1
962,SMP087,963,380,1,1,2,289,433,1
963,SMP089,964,439,2,2,70,317,346,2
964,SMP090,965,323,1,1,19,251,372,1
965,SMP091,966,77,2,2,3,60,70,2
966,SMP092,967,74,2,2,19,66,76,2
967,SMP093,968,54,1,1,59,45,55,1
968,SMP096,969,28,1,1,47,24,29,1
969,SMP097_a,970,306,1,1,59,239,351,1
970,SMP097_b,971,440,1,1,59,318,496,1
971,SMP098_a,972,441,1,1,59,65,497,1
972,SMP098_b,973,442,1,1,59,318,498,1
973,SMP099,974,443,2,2,12,319,499,2
974,SMP100,975,444,1,8,59,65,497,1
975,SMP101,976,441,2,2,3,65,497,2
976,SMP102,977,331,1,1,2,182,381,1
977,SMP103,978,445,1,1,59,320,500,1
978,SMP104,979,446,1,1,2,309,501,1
979,SMP105_a,980,446,1,1,74,285,428,1
980,SMP105_b,981,331,1,1,2,321,381,1
981,SMP107,982,386,1,1,59,293,440,1
982,SMP108,983,447,1,1,2,310,502,1
983,SMP109,984,179,5,9,9,144,198,5
984,SMP110,985,352,3,10,11,157,403,5
985,SMP111,986,79,4,6,33,70,156,4
986,SMP112,987,448,3,10,11,118,503,3
987,SMP113,988,352,5,9,33,209,403,5
988,SMP114,989,190,3,9,11,113,178,3
989,SMP115,990,141,3,10,11,118,157,3
990,SMP116,991,344,5,9,9,266,393,5
991,SMP117_a,992,411,5,9,9,307,466,5
992,SMP117_b,993,449,5,9,73,322,504,5
993,SMP118,994,147,5,9,9,128,505,5
994,SMP119,995,397,1,1,11,256,451,1
995,SMP120,996,450,1,1,11,323,506,1
996,SMP121,997,451,5,1,59,324,507,5
997,SMP122,998,147,5,9,9,128,505,5
998,SMP123,999,133,1,1,9,310,146,1
999,SMP124,1000,452,5,9,9,266,508,5
1000,SMP126,1001,438,1,1,2,256,495,1
1001,SMP127,1002,169,3,10,11,137,188,3
1002,SMP128,1003,453,1,1,2,182,260,1
1003,SMP129,1004,16,5,9,9,45,16,5
1004,SMP130,1005,177,5,9,9,142,199,5
1005,SMP131,1006,454,1,1,13,142,509,1
1006,SMP132,1007,180,5,9,9,142,510,5
1007,SMP133,1008,455,5,9,9,36,511,5
1008,SMP134,1009,237,6,13,13,179,264,6
1009,SMP135,1010,76,1,1,13,325,512,1
1010,SMP136,1011,237,6,13,13,179,512,6
1011,SMP138,1012,134,5,9,9,92,63,5
1012,SMP139,1013,178,5,9,9,143,197,5
1013,SMP140,1014,117,5,9,9,100,44,5
1014,SMP141,1015,147,5,9,9,128,505,5
1015,SMP142,1016,456,3,10,11,326,513,3
1016,SMP143,1017,172,2,2,3,139,107,2
1017,SMP144,1018,457,6,13,37,327,514,6
1018,SMP145,1019,427,3,10,11,274,484,3
1019,SMP146,1020,450,1,1,11,323,506,1
1020,SMP147,1021,58,1,1,13,49,515,1
1021,SMP148,1022,406,2,2,3,126,459,2
1022,SMP149,1023,458,2,2,3,12,516,2
1023,SMP150,1024,79,5,9,3,70,370,5
1024,SMP151,1025,187,2,7,38,150,207,2
1025,SMP152,1026,459,5,9,9,191,517,5
1026,SMP153,1027,404,4,6,13,304,272,4
1027,SMP154,1028,452,5,9,9,266,508,5
1028,SMP155,1029,460,2,2,3,328,518,2
1029,SMP156,1030,144,2,8,7,120,160,2
1030,SMP157,1031,133,2,2,9,12,146,2
1031,SMP158,1032,93,2,2,3,82,95,2
1032,SMP159,1033,405,3,10,11,222,147,3
1033,SMP160,1034,461,1,2,19,329,519,1
1034,SMP161,1035,462,1,1,19,330,520,1
1035,SMP162,1036,462,1,1,19,330,520,1
1036,SMP163,1037,188,2,2,9,151,208,2
1037,SMP164,1038,291,2,10,7,211,333,2
1038,SMP165,1039,324,3,8,7,252,521,3
1039,SMP168,1040,305,1,1,80,238,350,1
1040,SMP170,1041,463,1,1,2,331,522,1
1041,SMP171,1042,446,1,1,2,309,469,1
1042,SMP172,1043,464,1,1,59,332,523,1
1043,SMP173,1044,449,3,10,11,322,331,3
1044,SMP174,1045,274,3,10,11,236,310,3
1045,SMP175,1046,419,1,1,2,310,474,1
1046,SMP176,1047,74,2,2,19,66,76,2
1047,SMP177,1048,405,3,10,11,222,147,3
1048,SMP178,1049,465,5,9,9,333,524,5
1049,SMP179,1050,146,5,9,9,123,163,5
1050,SMP180,1051,449,5,9,11,322,504,5
1051,SMP181,1052,466,1,1,79,334,525,1
1052,SMP182,1053,456,1,1,13,326,513,1
1053,SMP183,1054,467,1,7,38,335,301,1
1054,SMP184,1055,58,1,1,13,49,515,1
1055,SMP185,1056,34,2,7,10,41,35,2
1056,SMP186,1057,334,1,1,13,49,436,1
1057,SMP188,1058,237,6,13,13,179,264,6
1058,SMP189,1059,237,6,7,13,179,526,6
1059,SMP190,1060,468,1,1,13,336,509,1
1060,SMP192,1061,375,4,6,25,325,428,4
1061,SMP193,1062,445,1,1,2,320,500,1
1062,SMP194,1063,2,1,1,2,2,2,1
1063,SMP195_a,1064,163,3,10,11,134,182,3
1064,SMP195_b,1065,319,3,10,2,161,364,3
1065,SMP196,1066,2,1,1,2,2,2,1
1066,SMP198,1067,437,1,1,79,316,494,1
1067,SMP199,1068,466,1,1,79,334,525,1
1068,SMP200,1069,469,2,2,19,66,527,2
1069,SMP201,1070,470,2,2,19,42,528,2
1070,SMP202,1071,471,1,1,19,42,529,1
1071,SMP203,1072,434,1,1,2,310,491,1
1072,SMP204,1073,432,6,13,37,269,489,6
1073,SMP205,1074,398,2,8,7,12,530,2
1074,SMP206,1075,384,3,10,2,61,437,3
1075,SMP207,1076,423,3,10,57,312,478,3
1076,SMP209,1077,405,3,10,11,222,328,3
1077,SMP210,1078,405,3,10,2,222,531,3
1078,SMP211,1079,135,3,10,11,111,148,3
1079,SMP213,1080,472,4,6,36,337,348,4
1080,SMP214,1081,472,2,20,40,337,171,3
1081,SMP215,1082,463,1,1,2,331,522,1
1082,SMP216,1083,175,1,1,2,141,469,1
1083,SMP217,1084,473,1,1,13,338,532,1
1084,SMP218,1085,474,1,1,77,339,533,1
1085,SMP219,1086,475,1,1,81,340,534,1
1086,SMP220,1087,370,1,1,2,282,424,1
1087,SMP224,1088,476,1,1,59,341,535,1
1088,SMP231,1089,477,1,1,59,340,536,1
1089,SMP233,1090,475,1,1,81,340,536,1
1090,SMP235,1091,334,1,1,13,49,436,1
1091,SMP237,1092,371,2,2,37,258,425,2
1092,SMP238,1093,478,1,1,2,182,537,1
1093,SMP239,1094,479,1,1,13,342,538,1
1094,SMP240,1095,480,1,1,13,343,539,1
1095,SMP241,1096,241,5,9,3,70,268,5
1096,SMP245,1097,388,2,2,3,12,540,2
1097,SMP246,1098,71,2,2,3,62,72,2
1098,SMP247,1099,169,3,10,11,256,379,3
1099,SMP248,1100,79,2,2,3,12,200,2
1100,SMP249,1101,481,1,1,19,344,541,1
1101,SMP250,1102,357,1,1,2,182,410,1
1102,SMP251,1103,429,1,2,19,42,486,1
1103,SMP252,1104,395,1,1,2,299,448,1
1104,SMP253,1105,444,1,2,19,45,542,1
1105,SMP254,1106,183,5,9,9,146,203,5
1106,SMP255,1107,420,1,2,19,42,475,1
1107,SMP256,1108,2,3,10,2,295,2,3
1108,SMP257,1109,35,6,13,13,335,526,6
1109,SMP258,1110,482,1,1,2,284,543,1
1110,SMP263,1111,483,1,1,24,345,544,1
1111,SMP264,1112,442,1,1,73,318,498,1
1112,SMP265,1113,412,2,20,82,318,467,2
1113,SMP266,1114,425,2,2,3,313,545,2
1114,SMP267,1115,431,1,2,19,313,100,1
1115,SMP268,1116,484,1,2,19,86,100,1
1116,SMP269,1117,453,1,1,13,336,509,1
1117,SMP270,1118,35,6,7,13,335,36,6
1118,SMP271,1119,485,1,2,19,346,546,1
1119,SMP272,1120,435,1,1,19,42,492,1
1120,SMP273,1121,129,5,9,83,108,133,5
1121,SMP275,1122,90,1,2,19,42,547,1
1122,SMP277,1123,410,2,2,3,306,465,2
1123,SMP278,1124,336,2,2,3,261,548,2
1124,SMP279_a,1125,486,2,2,3,347,549,2
1125,SMP279_b,1126,101,2,2,3,83,104,2
1126,SMP279_c,1127,90,2,2,3,68,547,2
1127,SMP280,1128,417,2,2,3,193,550,2
1128,SMP281,1129,93,2,2,3,82,95,2
1129,SMP282,1130,487,2,2,3,82,551,2
1130,SMP283,1131,29,2,8,7,293,530,2
1131,SMP284,1132,459,2,2,3,191,517,2
1132,SMP285,1133,389,1,1,77,294,442,1
1133,SMP286,1134,488,1,1,59,348,552,1
1134,SMP287,1135,464,1,1,59,332,523,1
1135,SMP288,1136,306,1,1,59,239,553,1
1136,SMP291,1137,51,1,2,19,42,52,1
1137,SMP296,1138,451,1,1,84,324,554,1
1138,SMP311,1139,324,2,8,7,252,373,2
1139,SMP312,1140,489,2,2,3,349,555,2
1140,SMP313,1141,430,2,2,3,315,487,2
1141,SMP314,1142,429,2,2,19,42,486,2
1142,SMP315,1143,46,1,2,19,42,48,1
1143,SMP316,1144,458,2,2,3,82,556,2
1144,SMP316_a,1145,93,2,2,3,82,449,2
1145,SMP316_b,1146,93,2,2,3,82,549,2
1146,SMP317,1147,436,1,2,19,310,493,1
1147,SMP318,1148,325,2,2,21,12,374,2
1148,SMP319,1149,396,1,2,19,42,450,1
1149,SMP320,1150,422,1,1,19,42,477,1
1150,SMP321,1151,46,2,2,19,37,216,2
1151,SMP322,1152,425,2,2,19,313,482,2
1152,SMP323,1153,372,2,2,3,350,21,2
1153,SMP324,1154,12,2,2,3,82,12,2
1154,SMP325,1155,93,2,2,3,82,557,2
1155,SMP326,1156,135,3,10,11,111,403,3
1156,SMP327,1157,93,2,2,3,82,369,2
1157,SMP328,1158,409,2,2,3,305,464,2
1158,SMP329,1159,70,2,2,3,61,93,2
1159,SMP330,1160,93,2,2,3,82,93,2
1160,SMP331,1161,490,2,2,19,42,558,2
1161,SMP332,1162,486,2,2,3,347,74,2
1162,SMP333,1163,175,1,1,2,141,195,1
1163,SMP334,1164,175,1,1,2,141,469,1
1164,SMP336,1165,335,1,1,13,260,385,1
1165,SMP337,1166,429,1,2,19,42,486,1
1166,SMP338,1167,474,1,1,84,339,559,1
1167,SMP339,1168,460,2,2,3,328,518,2
1168,SMP340,1169,433,2,2,3,275,490,2
1169,SMP341,1170,101,2,2,3,83,105,2
1170,SMP342,1171,93,2,2,3,82,557,2
1171,SMP344,1172,401,1,1,13,286,455,1
1172,SMP346,1173,491,1,1,19,42,560,1
1173,SMP347,1174,370,1,1,2,282,424,1
1174,SMP348,1175,377,1,1,2,141,444,1
1175,SMP349,1176,358,1,1,2,182,411,1
1176,SMP350,1177,477,1,1,2,339,533,1
1177,SMP352,1178,492,1,1,48,161,561,1
1178,SMP353,1179,286,1,1,2,221,326,1
1179,SMP354,1180,463,1,1,2,331,71,1
1180,SMP355,1181,76,1,1,13,161,512,1
1181,SMP356,1182,35,1,1,13,260,512,1
1182,SMP357,1183,385,2,2,3,12,438,2
1183,SMP358,1184,13,2,2,3,12,329,2
1184,SMP359,1185,431,2,2,26,154,488,2
1185,SMP359_a,1186,301,2,2,3,12,345,2
1186,SMP359_b,1187,13,2,2,3,12,329,2
1187,SMP360,1188,302,2,2,3,12,562,2
1188,SMP361,1189,302,2,2,3,12,327,2
1189,SMP362,1190,285,2,2,3,12,548,2
1190,SMP363,1191,285,1,1,3,41,325,1
1191,SMP364,1192,285,1,1,2,220,325,1
1192,SMP365,1193,70,2,2,3,12,563,2
1193,SMP366,1194,285,2,2,3,12,548,2
1194,SMP367,1195,493,1,1,19,42,564,1
1195,SMP368,1196,481,1,1,19,344,541,1
1196,SMP369,1197,408,2,7,10,25,462,2
1197,SMP370,1198,404,4,6,78,304,458,4
1198,SMP371,1199,237,6,13,13,179,526,6
1199,SMP374,1200,208,6,13,13,165,229,6
1200,SMP375,1201,239,2,2,3,83,266,2
1201,SMP376,1202,465,5,9,9,333,524,5
1202,SMP377,1203,341,5,9,65,263,565,5
1203,SMP378,1204,71,1,1,3,62,72,1
1204,SMP380,1205,96,2,3,66,85,98,2
1205,SMP381,1206,347,5,9,9,269,398,5
1206,SMP382,1207,333,2,2,19,258,384,2
1207,SMP383,1208,428,2,2,19,42,485,2
1208,SMP384,1209,180,5,9,9,142,510,5
1209,SMP385,1210,147,5,9,9,128,505,5
1210,SMP386,1211,457,5,9,37,327,514,5
1211,SMP387,1212,469,2,7,10,27,527,2
1212,SMP388,1213,426,2,2,3,314,483,2
1213,SMP389,1214,493,1,1,2,310,564,1
1214,SMP390,1215,399,2,2,3,284,453,2
1215,SMP391,1216,101,2,2,3,83,104,2
1216,SMP392,1217,101,2,2,19,66,104,2
1217,SMP393,1218,336,2,2,3,261,386,2
1218,SMP394,1219,340,2,2,3,83,566,2
1219,SMP395,1220,94,2,2,3,83,275,2
1220,SMP396,1221,340,2,2,3,83,96,2
1221,SMP397,1222,340,2,2,3,83,96,2
1222,SMP398,1223,340,2,2,3,83,566,2
1223,SMP399,1224,478,1,1,2,182,537,1
1224,SMP400,1225,471,1,2,19,42,529,1
1225,SMP401,1226,471,1,1,19,42,529,1
1226,SMP402,1227,471,1,2,19,42,567,1
1227,SMP403,1228,485,1,2,19,346,546,1
1228,SMP404,1229,469,1,2,19,42,527,1
1229,SMP405,1230,230,1,1,2,182,254,1
1230,SMP406,1231,378,1,1,2,287,431,1
1231,SMP407,1232,293,1,1,2,227,335,1
1232,SMP408,1233,392,1,1,13,260,446,1
1233,SMP408_a,1234,479,1,1,13,342,538,1
1234,SMP408_b,1235,365,1,1,13,260,419,1
1235,SMP408_c,1236,392,1,1,13,260,568,1
1236,SMP408_d,1237,421,1,1,13,311,476,1
1237,SMP409,1238,494,1,7,10,351,569,1
1238,SMP410,1239,51,1,2,19,42,52,1
1239,SMP411,1240,438,1,1,2,310,495,1
1240,SMP412,1241,402,1,1,13,302,456,1
1241,SMP413,1242,51,2,2,19,42,52,2
1242,SMP414,1243,484,2,2,19,350,570,2
1243,SMP415,1244,51,1,2,19,42,52,1
1244,SMP416,1245,495,1,2,19,107,567,1
1245,SMP417,1246,496,1,2,19,352,571,1
1246,SMP418,1247,179,5,9,9,144,198,5
1247,SMP419,1248,497,3,10,11,353,572,3
1248,SMP420,1249,487,2,2,3,82,551,2
1249,SMP421,1250,495,1,2,19,42,573,1
1250,SMP422,1251,484,2,2,19,66,570,2
1251,SMP423,1252,416,2,2,3,193,488,2
1252,SMP424,1253,460,2,2,3,328,548,2
1253,SMP425,1254,469,2,2,19,66,527,2
1254,SMP427,1255,345,1,1,66,267,396,1
1255,SMP428,1256,403,2,3,12,303,457,2
1256,SMP429,1257,403,1,1,12,303,457,1
1257,SMP430,1258,376,1,1,74,285,429,1
1258,SMP431,1259,498,1,26,74,335,574,1
1259,SMP433,1260,498,1,1,74,335,574,1
1260,SMP436,1261,467,1,7,13,335,36,1
1261,SMP437,1262,99,1,3,13,87,568,1
1262,SMP438,1263,454,1,1,13,29,575,1
1263,SMP441,1264,27,3,7,10,23,28,3
1264,SMP442,1265,112,2,2,12,98,124,2
1265,SMP444,1266,471,1,2,19,107,567,1
1266,SMP445,1267,409,2,2,3,305,464,2
1267,SMP446,1268,125,5,9,32,104,136,5
1268,SMP447,1269,497,3,10,11,353,572,3
1269,SMP448,1270,499,3,10,11,354,576,3
1270,SMP449,1271,500,5,1,73,56,577,5
1271,SMP450,1272,165,5,9,73,135,183,5
1272,SMP451,1273,99,1,3,13,87,568,5
1273,SMP452,1274,298,5,3,12,230,341,5
1274,SMP453,1275,45,1,1,2,56,47,1
1275,SMP454,1276,501,5,9,83,355,578,5
1276,SMP455,1277,407,2,2,3,250,460,2
1277,SMP456,1278,87,2,3,12,60,579,2
1278,SMP457,1279,173,5,9,11,140,194,5
1279,SMP458,1280,502,2,8,7,356,461,2
1280,SMP459,1281,192,2,2,3,60,213,2
1281,SMP460,1282,433,2,2,3,275,70,2
1282,SMP461,1283,107,2,3,12,95,117,2
1283,SMP462,1284,468,1,1,66,267,580,1
1284,SMP463,1285,415,1,2,19,292,470,1
1285,SMP464,1286,444,1,1,19,357,542,1
1286,SMP465,1287,503,1,1,26,358,581,1
1287,SMP466,1288,397,1,1,47,256,451,1
1288,SMP467,1289,414,1,1,19,340,108,1
1289,SMP468,1290,461,1,2,19,329,519,1
1290,SMP470,1291,424,2,2,19,66,479,2
1291,SMP471,1292,55,5,9,9,46,56,5
1292,SMP472,1293,196,2,2,19,193,472,2
1293,SMP473,1294,244,2,2,19,66,472,2
1294,SMP474,1295,42,2,2,3,211,312,2
1295,SMP475,1296,500,5,9,9,70,577,5
1296,SMP476,1297,387,5,9,33,278,441,5
1297,SMP477,1298,388,2,2,3,12,540,2
1298,SMP479,1299,398,14,20,76,300,452,1
1299,SMP480,1300,412,1,1,82,308,467,1
1300,SMP481,1301,504,1,1,30,359,582,1
1301,SMP482,1302,323,1,1,19,251,583,1
1302,SMP483,1303,414,1,1,84,340,584,1
1303,SMP486_d,1304,451,1,1,82,324,507,1
1304,SMP486_f,1305,476,1,1,84,341,535,1
1305,SMP487,1306,475,1,1,82,292,536,1
1306,SMP488,1307,75,2,3,12,67,395,5
1307,SMP489,1308,111,2,3,12,80,79,2
1308,SMP490,1309,413,1,3,61,60,468,1
1309,SMP491,1310,413,2,3,3,60,468,2
1310,SMP492,1311,74,2,2,19,66,480,2
1311,SMP493,1312,417,2,2,3,193,550,2
1312,SMP494,1313,307,1,1,19,240,352,1
1313,SMP495,1314,470,2,2,19,42,528,2
1314,SMP496,1315,244,2,2,3,191,30,2
1315,SMP499,1316,505,1,1,47,360,585,1
1316,SMP501,1317,473,1,1,13,338,586,1
1317,SMP502,1318,468,1,1,66,267,580,1
1318,SMP503,1319,167,1,1,2,136,186,1
1319,SMP504,1320,455,5,9,9,36,511,5
1320,SMP505,1321,1,1,1,1,1,1,1
1321,SMP506,1322,426,2,2,3,314,472,2
1322,SMP507,1323,404,3,10,78,304,272,3
1323,SMP508,1324,495,1,1,19,357,573,1
1324,SMP510,1325,440,1,1,2,296,583,1
1325,SMP512,1326,444,1,2,19,42,542,1
1326,SMP513,1327,429,1,2,19,42,486,1
1327,SMP514,1328,474,1,2,19,42,559,1
1328,SMP515,1329,471,1,1,19,42,469,1
1329,SMP516,1330,491,1,2,19,42,560,1
1330,SMP517,1331,474,1,1,19,339,559,1
1331,SMP518,1332,474,1,1,84,339,559,1
1332,SMP519,1333,506,1,1,84,340,584,1
1333,SMP520,1334,470,2,2,19,42,528,2
1334,SMP521,1335,507,1,2,25,361,587,1
1335,SMP522,1336,506,1,1,47,340,584,1
1336,SMP525,1337,451,1,1,82,324,507,1
1337,SMP527,1338,82,2,2,3,41,545,2
1338,SMP528,1339,469,2,2,19,42,527,2
1339,SMP529,1340,403,1,1,59,303,457,1
1340,SMP530,1341,471,1,1,19,42,529,1
1341,SMP531,1342,436,1,1,19,310,431,1
1342,SMP533,1343,490,1,2,19,42,558,1
1343,SMP537,1344,312,1,1,77,294,358,1
1344,SMP541,1345,341,5,9,65,263,565,5
1345,SMP542,1346,222,6,13,13,175,244,6
1346,SMP543,1347,113,4,6,8,79,91,4
1347,SMP544,1348,179,2,2,37,144,84,2
1348,SMP546,1349,93,2,2,3,82,369,2
1349,SMP547,1350,93,2,2,3,82,95,2
1350,SMP548,1351,382,1,1,75,291,435,1
1351,SMP549,1352,447,1,1,2,310,502,1
1352,SMP550,1353,324,2,8,7,252,516,2
1353,SMP551,1354,324,2,8,7,252,521,2
1354,SMP552,1355,502,2,8,7,356,516,2
1355,SMP553,1356,482,1,1,2,284,543,1
1356,SMP554,1357,460,2,2,3,328,548,2
1357,SMP555,1358,425,5,9,9,313,482,5
1358,SMP556,1359,439,2,2,70,317,588,2
1359,SMP557,1360,105,2,3,12,206,114,2
1360,SMP558,1361,508,2,3,85,362,589,2
1361,SMP559,1362,473,1,1,13,338,586,1
1362,SMP560,1363,401,1,1,13,286,532,1
1363,SMP561,1364,499,3,10,13,336,576,3
1364,SMP562,1365,328,3,10,11,354,377,3
1365,SMP563,1366,246,1,1,13,192,274,1
1366,SMP564,1367,237,6,13,13,179,264,6
1367,SMP565,1368,372,3,20,24,350,148,3
1368,SMP566,1369,468,1,1,13,175,580,1
1369,SMP567,1370,480,5,9,13,343,539,5
1370,SMP568_a,1371,448,3,10,11,118,503,3
1371,SMP568_b,1372,329,3,10,11,118,378,3
1372,SMP568_c,1373,405,3,10,11,222,142,3
1373,SMP568_d,1374,264,3,10,11,111,297,3
1374,SMP569,1375,440,5,9,12,55,496,5
1375,SMP570,1376,57,5,9,21,48,59,5
1376,SMP571,1377,148,5,9,73,92,166,5
1377,SMP572,1378,185,6,3,73,148,579,6
1378,SMP573,1379,110,5,9,12,97,122,5
1379,SMP574,1380,441,2,3,12,65,497,2
1380,SMP575,1381,416,2,2,3,65,449,2
1381,SMP576,1382,194,2,27,40,93,590,2
1382,SMP577,1383,482,1,1,2,284,543,1
1383,SMP578,1384,385,2,2,3,12,438,2
1384,SMP579,1385,420,1,1,19,42,475,1
1385,SMP580,1386,458,2,2,3,12,562,2
1386,SMP581,1387,77,2,2,3,60,32,2
1387,SMP583,1388,184,1,1,19,42,204,1
1388,SMP585,1389,305,1,1,80,238,350,1
1389,SMP586,1390,405,3,10,2,222,531,3
1390,SMP587,1391,458,2,2,3,347,556,2
1391,SMP588,1392,405,2,2,3,12,531,2
1392,SMP589,1393,324,2,8,7,252,521,2
1393,SMP590,1394,416,2,2,3,12,449,2
1394,SMP591,1395,303,1,1,2,12,563,1
1395,SMP592,1396,285,1,1,2,220,563,1
1396,SMP593,1397,508,2,3,85,362,589,2
1397,SMP594,1398,501,5,9,83,355,578,5
1398,SMP595,1399,31,2,7,10,27,271,2
1399,SMP596,1400,180,5,9,9,142,510,5
1400,SMP597,1401,494,5,7,10,351,569,5
1401,SMP600,1402,443,2,2,12,319,499,2
1402,SMP602,1403,441,1,1,59,65,497,1
1403,SMP603,1404,390,3,10,2,295,443,3
1404,SMP604,1405,109,2,3,12,96,120,2
1405,VCH,1406,509,7,20,26,363,591,2
1406,VES001,1407,84,4,12,17,75,87,4
1407,VES003,1408,510,4,6,17,364,592,4
1408,VES005,1409,250,4,6,17,196,281,4
1409,VES008,1410,261,4,6,8,115,293,4
1410,VES009,1411,510,4,6,17,364,592,4
1411,VES012,1412,84,5,12,12,75,87,5
1412,VES019,1413,115,2,3,12,99,125,2
1413,VES021,1414,195,4,3,17,365,215,4
1414,VES023,1415,123,2,3,12,40,134,2
1415,VES033,1416,174,4,28,17,366,387,4
1416,VES041,1417,266,4,6,8,207,299,4
1417,VES042,1418,510,4,6,17,364,285,4
1418,VES045,1419,139,2,2,12,116,155,2
1419,VES047,1420,281,4,6,17,216,320,4
1420,VES053,1421,247,2,3,50,194,278,2
1421,VES054,1422,278,4,6,8,213,314,4
1422,VES055,1423,43,4,6,17,34,593,4
1423,VES059,1424,511,4,6,17,188,594,4
1424,VES060,1425,315,2,2,3,9,311,2
1425,VES061,1426,23,2,2,12,72,24,2
1426,VES062,1427,73,2,8,12,65,75,2
1427,VES065,1428,88,2,3,12,197,83,2
1428,VES067,1429,250,4,6,9,196,172,4
1429,VES075,1430,511,2,2,3,188,594,2
1430,VES076,1431,250,4,6,17,196,281,4
1431,VES078,1432,281,2,3,17,216,320,4
1432,VES079,1433,511,3,10,17,188,594,3
1433,VES082,1434,43,4,6,17,34,593,4
1434,WED013,1435,276,2,3,12,86,45,2
1435,WED014,1436,124,2,3,12,40,92,2
1436,WED082,1437,142,4,20,25,367,595,4
1437,WED149,1438,483,7,29,25,345,544,6
1438,WEDPN16_a,1439,15,4,30,86,6,15,4
1439,WEDPN17_a,1440,309,4,19,54,242,354,3
1440,aIPg1,1441,254,2,2,3,20,25,2
1441,aIPg2,1442,439,2,2,70,317,406,2
1442,aIPg3,1443,147,5,9,9,128,505,5
1443,aIPg4,1444,254,2,2,3,20,481,2
1444,aMe13,1445,403,1,1,81,303,534,1
1445,aMe24,1446,454,2,2,19,66,575,2
1446,aSP-f1A,1447,398,2,8,76,300,452,2
1447,aSP-f1B,1448,398,2,8,76,300,452,2
1448,aSP-f2,1449,398,2,8,76,300,530,2
1449,mAL1,1450,400,5,9,76,301,454,5
1450,mALB2,1451,304,3,10,58,237,349,3
1451,mALD1,1452,255,4,6,53,200,286,4
1452,oviDNa,1453,257,5,8,12,203,289,5
1453,oviDNb,1454,398,2,8,76,300,596,5
1454,oviIN,1455,236,2,2,37,186,263,2
1455,pC1a,1456,488,1,1,59,348,552,1
1456,pC1b,1457,351,1,1,1,272,402,1
1457,pC1c,1458,89,1,1,1,1,139,1
1458,pC1d,1459,439,2,2,70,317,588,2
1459,pC1e,1460,489,2,2,3,349,555,2
1460,v2LN37,1461,511,3,10,17,188,319,3
1461,vpoDN,1462,114,1,1,59,40,92,1
1462,vpoEN,1463,124,2,3,12,40,92,2
